"text";"label"
"Пил компот из вишни перед анализом";"нарушение_диеты"
"Случайно выпил выпил анальгин";"прием_лекарств"
"Случайно пил морс";"нарушение_диеты"
"Я принимал выпил лекарство от кашля";"прием_лекарств"
"Доктор, я выпил феназепам, это не повлияет?";"прием_лекарств"
"Извините, я ел хлопья с молоком";"нарушение_диеты"
"Ой, я съел печенье, это плохо?";"нарушение_диеты"
"Съел чизкейк перед анализом";"нарушение_диеты"
"Я  мюсли с молоком";"нарушение_диеты"
"Случайно пил кофе без сахара, но всё равно";"нарушение_диеты"
"Пью антикоагулянт варфарин";"прием_лекарств"
"Пил антацид от изжоги, это нормально?";"прием_лекарств"
"Ел кускус натощак";"нарушение_диеты"
"Ой, я съел бутерброд с колбасой, это плохо?";"нарушение_диеты"
"Случайно выпил выпил успокоительное на ночь";"прием_лекарств"
"Я принимал выпил успокоительное на ночь";"прием_лекарств"
"Можно ли, если я ел гречку с маслом?";"нарушение_диеты"
"Ой, я ел драники, это плохо?";"нарушение_диеты"
"Извините, я выпил фрэш";"нарушение_диеты"
"Извините, я выпил тоник";"нарушение_диеты"
"Ел пасту на ужин, это нормально?";"нарушение_диеты"
"Я нарушил диету: выпил ряженку";"нарушение_диеты"
"Принимал антигистаминные вчера, это нормально?";"прием_лекарств"
"Выпил капучино натощак";"нарушение_диеты"
"Принимал метформин";"прием_лекарств"
"Извините, я ел омлет";"нарушение_диеты"
"Принимаю пью гипотензивные постоянно";"прием_лекарств"
"Выпил спазмоветрин вчера вечером";"прием_лекарств"
"Случайно выпил выпил но-шпу";"прием_лекарств"
"Ой, я выпил стакан апельсинового сока, это плохо?";"нарушение_диеты"
"Доктор, я пью таблетки от простатита, это не повлияет?";"прием_лекарств"
"Извините, я пил чай с молоком и сахаром";"нарушение_диеты"
"Выпил дротаверин перед анализом";"прием_лекарств"
"Я принимал принимал миорелаксант";"прием_лекарств"
"Доктор, я выпил свечи с папаверином, это не повлияет?";"прием_лекарств"
"Ел кабачковую икру, это нормально?";"нарушение_диеты"
"Извините, я съел хлеб с маслом и сыром";"нарушение_диеты"
"Съел суши перед анализом";"нарушение_диеты"
"Извините, я выпил коэнзим q10";"прием_лекарств"
"Случайно выпил пью гипотензивные";"прием_лекарств"
"Выпил коэнзим Q10";"прием_лекарств"
"Выпил капучино перед анализом";"нарушение_диеты"
"Выпил экстракт валерианы утром";"прием_лекарств"
"Съел чизкейк, это нормально?";"нарушение_диеты"
"Пью таблетки от простатита перед анализом";"прием_лекарств"
"Извините, я выпил успокоительное на ночь";"прием_лекарств"
"Я нарушил диету: ел творожную запеканку";"нарушение_диеты"
"Ой, я съел плюшку, это плохо?";"нарушение_диеты"
"Я пил гранатовый сок";"нарушение_диеты"
"Доктор, я принимал омез, это не повлияет?";"прием_лекарств"
"Ой, я выпил газировку с красителями, это плохо?";"нарушение_диеты"
"Выпил спазмалгон утром";"прием_лекарств"
"Ел овсяную кашу с сахаром перед анализом";"нарушение_диеты"
"Ой, я пил молоко перед анализом, это плохо?";"нарушение_диеты"
"Случайно ел омлет";"нарушение_диеты"
"Пил компот";"нарушение_диеты"
"Извините, я выпил супрастин";"прием_лекарств"
"Пил бабл чай, это нормально?";"нарушение_диеты"
"Я принимал пью слабительное";"прием_лекарств"
"Выпил таблетку от бессонницы";"прием_лекарств"
"Выпил мочегонное средство перед анализом";"прием_лекарств"
"Ой, я выпил ряженку, это плохо?";"нарушение_диеты"
"Выпил цинк утром";"прием_лекарств"
"Пью слабительное";"прием_лекарств"
"Принимал аспирин кардио вчера вечером";"прием_лекарств"
"Выпил энергетик без сахара за час до сдачи";"нарушение_диеты"
"Я принимал выпил дротаверин";"прием_лекарств"
"Съел банан за час до сдачи";"нарушение_диеты"
"Пил кофе без сахара, но всё равно, это нормально?";"нарушение_диеты"
"Съел сушку с маком, это нормально?";"нарушение_диеты"
"Случайно выпил капучино";"нарушение_диеты"
"Принимал омез вчера вечером";"прием_лекарств"
"Я принимал принимал обезболивающее на ночь";"прием_лекарств"
"Пил тёплое молоко перед анализом";"нарушение_диеты"
"Съел кекс";"нарушение_диеты"
"Принимал нейролептики";"прием_лекарств"
"Можно ли, если я выпил ренни?";"прием_лекарств"
"Случайно ел кускус";"нарушение_диеты"
"Ел рис с рыбой перед анализом";"нарушение_диеты"
"Пил морс";"нарушение_диеты"
"Выпил супрадин перед анализом";"прием_лекарств"
"Я выпил кофе перед сдачей крови";"нарушение_диеты"
"Ел салат оливье на ночь натощак";"нарушение_диеты"
"Выпил ряженку натощак";"нарушение_диеты"
"Принимал миорелаксант накануне";"прием_лекарств"
"Съел бутерброд за час до сдачи";"нарушение_диеты"
"Можно ли, если я принимал диклофенак для суставов?";"прием_лекарств"
"Выпил смузи";"нарушение_диеты"
"Принимал пикамилон вчера вечером";"прием_лекарств"
"Принимал преднизолон, это нормально?";"прием_лекарств"
"Можно ли, если я съел кекс?";"нарушение_диеты"
"Принимал противогрибковое вчера вечером";"прием_лекарств"
"Можно ли, если я выпил жаропонижающее утром?";"прием_лекарств"
"Извините, я съел творог";"нарушение_диеты"
"Извините, я съел сырник";"нарушение_диеты"
"Ой, я пил молочный коктейль с печеньем, это плохо?";"нарушение_диеты"
"Съел мороженое за час до сдачи";"нарушение_диеты"
"Принимал обезболивающее на ночь утром";"прием_лекарств"
"Выпил колу утром";"нарушение_диеты"
"Я нарушил диету: съел хлеб с маслом и сыром";"нарушение_диеты"
"Пил тёплое молоко (я пациент)";"нарушение_диеты"
"Выпил лоратадин вчера вечером";"прием_лекарств"
"Случайно выпил принимал кардиомагнил";"прием_лекарств"
"Можно ли, если я съел орешки?";"нарушение_диеты"
"Выпил спазмоветрин накануне";"прием_лекарств"
"Я ел пирожок";"нарушение_диеты"
"Пил тёплое молоко натощак";"нарушение_диеты"
"Я  пасту на ужин";"нарушение_диеты"
"Принимаю пью оральные контрацептивы постоянно";"прием_лекарств"
"Извините, я выпил жаропонижающее утром";"прием_лекарств"
"Принимал фуросемид вчера вечером";"прием_лекарств"
"Случайно съел бургер";"нарушение_диеты"
"Доктор, я принимал антибиотики вчера, это не повлияет?";"прием_лекарств"
"Случайно ел овсяную кашу с сахаром";"нарушение_диеты"
"Можно ли, если я пил сок прямого отжима?";"нарушение_диеты"
"Можно ли, если я принимал аспирин кардио?";"прием_лекарств"
"Можно ли, если я выпил американо?";"нарушение_диеты"
"Съел печенье натощак";"нарушение_диеты"
"Случайно пил бабл чай";"нарушение_диеты"
"Принимаю пил парацетамол от температуры постоянно";"прием_лекарств"
"Ел шоколадку натощак (я пациент)";"нарушение_диеты"
"Пью иммуномодуляторы накануне";"прием_лекарств"
"Я нарушил диету: ел салат из свеклы";"нарушение_диеты"
"Пью лекарства для щитовидной железы, это нормально?";"прием_лекарств"
"Можно ли, если я пью карнитин?";"прием_лекарств"
"Принимаю выпил но-шпу постоянно";"прием_лекарств"
"Ел салат из свеклы перед анализом";"нарушение_диеты"
"Доктор, я принимал глюкозамин, это не повлияет?";"прием_лекарств"
"Ел гречку с маслом за час до сдачи";"нарушение_диеты"
"Пил молочный коктейль перед анализом";"нарушение_диеты"
"Пью иммуномодуляторы утром";"прием_лекарств"
"Можно ли, если я пью противодиабетические средства?";"прием_лекарств"
"Принимал альмагель вчера";"прием_лекарств"
"Выпил лоперамид вчера вечером";"прием_лекарств"
"Выпил латте (я пациент)";"нарушение_диеты"
"Доктор, я выпил экстракт валерианы, это не повлияет?";"прием_лекарств"
"Пью тироксин утром";"прием_лекарств"
"Извините, я принимал седативные";"прием_лекарств"
"Можно ли, если я ел манную кашу?";"нарушение_диеты"
"Ел суп на завтрак утром";"нарушение_диеты"
"Принимал омез";"прием_лекарств"
"Ой, я ел гречку с маслом, это плохо?";"нарушение_диеты"
"Извините, я позавтракал перед походом в лабораторию";"нарушение_диеты"
"Пил бабл чай";"нарушение_диеты"
"Съел печенье утром";"нарушение_диеты"
"Я нарушил диету: выпил сокосодержащий напиток";"нарушение_диеты"
"Можно ли, если я выпил лоратадин?";"прием_лекарств"
"Пил чай с молоком и сахаром (я пациент)";"нарушение_диеты"
"Можно ли, если я выпил цинк?";"прием_лекарств"
"Я принимал принимал аспирин кардио";"прием_лекарств"
"Пил матча латте, это нормально?";"нарушение_диеты"
"Пью слабительное накануне";"прием_лекарств"
"Пил компот (я пациент)";"нарушение_диеты"
"Выпил дротаверин утром";"прием_лекарств"
"Выпил но-шпу накануне";"прием_лекарств"
"Доктор, я пью адаптол, это не повлияет?";"прием_лекарств"
"Извините, я ел жареную картошку";"нарушение_диеты"
"Выпил таблетку от мигрени, это нормально?";"прием_лекарств"
"Принимал диклофенак для суставов, это нормально?";"прием_лекарств"
"Можно ли, если я пил парацетамол от температуры?";"прием_лекарств"
"Принимал нурофен вчера вечером";"прием_лекарств"
"Я принимал выпил таблетку от тошноты";"прием_лекарств"
"Извините, я выпил таблетку от аллергии";"прием_лекарств"
"Принимал омез, это нормально?";"прием_лекарств"
"Извините, я выпил гранатовый сок";"нарушение_диеты"
"Можно ли, если я пью антибиотик ципрофлоксацин?";"прием_лекарств"
"Употребил алкоголь накануне утром";"нарушение_диеты"
"Принимал кеторол";"прием_лекарств"
"Извините, я выпил колу";"нарушение_диеты"
"Я л компот из вишни";"нарушение_диеты"
"Ой, я ел фрукты, думая что можно, это плохо?";"нарушение_диеты"
"Съел сэндвич за час до сдачи";"нарушение_диеты"
"Принимал кеторол вчера вечером";"прием_лекарств"
"Выпил американо утром";"нарушение_диеты"
"Принимал циклоферон вчера вечером";"прием_лекарств"
"Съел бутерброд за час до сдачи";"нарушение_диеты"
"Я принимал принимал антикоагулянты";"прием_лекарств"
"Можно ли, если я выпил спрайт?";"нарушение_диеты"
"Извините, я принимал кеторол";"прием_лекарств"
"Пью противодиабетические средства";"прием_лекарств"
"Пью сердечный препарат";"прием_лекарств"
"Пил морс перед анализом";"нарушение_диеты"
"Пью таблетки от простатита перед анализом";"прием_лекарств"
"Извините, я ел жареную картошку";"нарушение_диеты"
"Выпил успокоительное на ночь перед анализом";"прием_лекарств"
"Пью антидепрессант сертралин перед анализом";"прием_лекарств"
"Принимаю принимал антигистаминные вчера постоянно";"прием_лекарств"
"Выпил лекарство от кашля, это нормально?";"прием_лекарств"
"Съел булочку натощак";"нарушение_диеты"
"Пил ромашковый чай с сахаром перед анализом";"нарушение_диеты"
"Принимал магний B6 утром";"прием_лекарств"
"Пью антидепрессанты ежедневно";"прием_лекарств"
"Я принимал пью таблетки от простатита";"прием_лекарств"
"Ой, я выпил ряженку, это плохо?";"нарушение_диеты"
"Ой, я съел орешки, это плохо?";"нарушение_диеты"
"Я нарушил диету: пил компот из вишни";"нарушение_диеты"
"Принимаю выпил дротаверин постоянно";"прием_лекарств"
"Принимал альмагель вчера накануне";"прием_лекарств"
"Пил латте с сиропом натощак";"нарушение_диеты"
"Пил травяной чай с мёдом за час до сдачи";"нарушение_диеты"
"Можно ли, если я принимал фенибут?";"прием_лекарств"
"Выпил лоратадин";"прием_лекарств"
"Я нарушил диету: ел омлет";"нарушение_диеты"
"Извините, я выпил отхаркивающее";"прием_лекарств"
"Доктор, я принимал нейролептики, это не повлияет?";"прием_лекарств"
"Ой, я пил морс, это плохо?";"нарушение_диеты"
"Случайно съел пирожок";"нарушение_диеты"
"Пью канефрон";"прием_лекарств"
"Случайно выпил выпил тантум верде";"прием_лекарств"
"Можно ли, если я выпил гранатовый сок?";"нарушение_диеты"
"Выпил какао натощак";"нарушение_диеты"
"Я принимал принимал фуросемид";"прием_лекарств"
"Извините, я выпил энтеросгель";"прием_лекарств"
"Принимаю выпил отхаркивающее постоянно";"прием_лекарств"
"Я нарушил диету: пил чай с сахаром утром";"нарушение_диеты"
"Съел сушку с маком утром";"нарушение_диеты"
"Я принимал принимал метформин";"прием_лекарств"
"Можно ли, если я принимал фенибут?";"прием_лекарств"
"Я нарушил диету: ел кускус";"нарушение_диеты"
"Можно ли, если я принимал нейролептики?";"прием_лекарств"
"Съел вафлю с шоколадом, это нормально?";"нарушение_диеты"
"Доктор, я принимал пикамилон, это не повлияет?";"прием_лекарств"
"Выпил каптоприл перед анализом";"прием_лекарств"
"Пил чай с молоком и сахаром перед анализом";"нарушение_диеты"
"Съел коржик";"нарушение_диеты"
"Пью омега-3 утром";"прием_лекарств"
"Выпил феназепам, это нормально?";"прием_лекарств"
"Ой, я пил ягодный смузи, это плохо?";"нарушение_диеты"
"Пью препараты от эпилепсии перед анализом";"прием_лекарств"
"Извините, я ел блинчики с мясом";"нарушение_диеты"
"Ой, я ел хлопья с молоком, это плохо?";"нарушение_диеты"
"Можно ли, если я принимал нурофен?";"прием_лекарств"
"Съел бутерброд с колбасой за час до сдачи";"нарушение_диеты"
"Доктор, я принимал омез, это не повлияет?";"прием_лекарств"
"Ой, я ел драники, это плохо?";"нарушение_диеты"
"Съел пирожок перед анализом";"нарушение_диеты"
"Съел банан натощак";"нарушение_диеты"
"Ой, я плотно поужинал поздно ночью, это плохо?";"нарушение_диеты"
"Съел сэндвич (я пациент)";"нарушение_диеты"
"Съел чизкейк перед анализом";"нарушение_диеты"
"Случайно ел шоколадку натощак";"нарушение_диеты"
"Можно ли, если я принимал противогрибковое?";"прием_лекарств"
"Пью иммуномодуляторы перед анализом";"прием_лекарств"
"Пью карнитин вчера вечером";"прием_лекарств"
"Выпил свечи с папаверином, это нормально?";"прием_лекарств"
"Случайно выпил колу";"нарушение_диеты"
"Выпил кальций Д3 накануне";"прием_лекарств"
"Съел яблоко за час до анализа перед анализом";"нарушение_диеты"
"Пью противовоспалительное утром";"прием_лекарств"
"Выпил айран";"нарушение_диеты"
"Съел блин со сгущёнкой перед анализом";"нарушение_диеты"
"Выпил энергетик утром";"нарушение_диеты"
"Ой, я выпил какао, это плохо?";"нарушение_диеты"
"Принимал аспирин кардио накануне";"прием_лекарств"
"Случайно выпил пью клоназепам";"прием_лекарств"
"Случайно выпил принимал кеторол";"прием_лекарств"
"Пью гипотензивные, это нормально?";"прием_лекарств"
"Я л кофе с молоком";"нарушение_диеты"
"Принимал сорбенты перед анализом";"прием_лекарств"
"Я принимал принимал миорелаксант";"прием_лекарств"
"Пил зелёный чай с сахаром (я пациент)";"нарушение_диеты"
"Случайно пил морс";"нарушение_диеты"
"Я нарушил диету: употребил алкоголь накануне";"нарушение_диеты"
"Можно ли, если я пью гипотензивные?";"прием_лекарств"
"Можно ли, если я пил компот?";"нарушение_диеты"
"Случайно выпил выпил каптоприл";"прием_лекарств"
"Случайно выпил выпил супрастин";"прием_лекарств"
"Случайно выпил пью антиретровирусные";"прием_лекарств"
"Извините, я выпил жаропонижающее утром";"прием_лекарств"
"Принимал миорелаксант, это нормально?";"прием_лекарств"
"Можно ли, если я пил кофе без сахара, но всё равно?";"нарушение_диеты"
"Можно ли, если я принимал седативные?";"прием_лекарств"
"Ой, я пил ягодный смузи, это плохо?";"нарушение_диеты"
"Принимаю принимал антикоагулянты постоянно";"прием_лекарств"
"Случайно выпил пью мильгамму";"прием_лекарств"
"Я нарушил диету: ел гречку с маслом";"нарушение_диеты"
"Можно ли, если я съел плюшку?";"нарушение_диеты"
"Пью противодиабетические средства вчера вечером";"прием_лекарств"
"Ел салат из свеклы натощак";"нарушение_диеты"
"Я принимал пью клоназепам";"прием_лекарств"
"Доктор, я принимал миорелаксант, это не повлияет?";"прием_лекарств"
"Можно ли, если я съел хлеб с маслом и сыром?";"нарушение_диеты"
"Съел сушку с маком (я пациент)";"нарушение_диеты"
"Пью контрацептивы накануне";"прием_лекарств"
"Съел кекс натощак";"нарушение_диеты"
"Извините, я пил газировку";"нарушение_диеты"
"Ой, я ел салат из свеклы, это плохо?";"нарушение_диеты"
"Пью антидепрессанты ежедневно, это нормально?";"прием_лекарств"
"Я нарушил диету: съел хлеб с маслом и сыром";"нарушение_диеты"
"Пил сок прямого отжима (я пациент)";"нарушение_диеты"
"Пью антибиотик ципрофлоксацин, это нормально?";"прием_лекарств"
"Случайно ел кабачковую икру";"нарушение_диеты"
"Случайно съел коржик";"нарушение_диеты"
"Доктор, я выпил отхаркивающее, это не повлияет?";"прием_лекарств"
"Съел бутерброд с колбасой утром";"нарушение_диеты"
"Извините, я выпил коэнзим q10";"прием_лекарств"
"Извините, я пил чай с молоком и сахаром";"нарушение_диеты"
"Я принимал выпил цинк";"прием_лекарств"
"Я нарушил диету: ел блинчики с мясом";"нарушение_диеты"
"Выпил спрайт и съел чипсы за час до сдачи";"нарушение_диеты"
"Случайно употребил алкоголь накануне";"нарушение_диеты"
"Съел яблоко за час до анализа, это нормально?";"нарушение_диеты"
"Выпил какао с зефиром утром";"нарушение_диеты"
"Пил кофе без сахара, но всё равно, это нормально?";"нарушение_диеты"
"Пил морс натощак";"нарушение_диеты"
"Можно ли, если я выпил таблетку от аллергии?";"прием_лекарств"
"Пил морс перед анализом";"нарушение_диеты"
"Выпил свечи с папаверином";"прием_лекарств"
"Я нарушил диету: пил томатный сок";"нарушение_диеты"
"Пил ромашковый чай с сахаром (я пациент)";"нарушение_диеты"
"Выпил таблетку от мигрени вчера вечером";"прием_лекарств"
"Случайно выпил выпил спазмалгон";"прием_лекарств"
"Можно ли, если я ел творожную запеканку?";"нарушение_диеты"
"Выпил таблетку от аллергии вчера вечером";"прием_лекарств"
"Извините, я пью слабительное";"прием_лекарств"
"Выпил гранатовый сок, это нормально?";"нарушение_диеты"
"Извините, я съел сырник";"нарушение_диеты"
"Пью антидепрессанты ежедневно вчера вечером";"прием_лекарств"
"Я нарушил диету: пил тёплое молоко";"нарушение_диеты"
"Я принимал пью витамин d ежедневно";"прием_лекарств"
"Можно ли, если я принимал противогрибковое?";"прием_лекарств"
"Извините, я выпил таблетку от аллергии";"прием_лекарств"
"Перекусил печеньем (я пациент)";"нарушение_диеты"
"Пью мильгамму накануне";"прием_лекарств"
"Съел вафлю с шоколадом натощак";"нарушение_диеты"
"Съел творог";"нарушение_диеты"
"Выпил супрадин утром";"прием_лекарств"
"Съел бургер утром";"нарушение_диеты"
"Принимал фуросемид утром";"прием_лекарств"
"Пил газировку, это нормально?";"нарушение_диеты"
"Пил кофе с молоком";"нарушение_диеты"
"Случайно пил молоко перед анализом";"нарушение_диеты"
"Съел кекс (я пациент)";"нарушение_диеты"
"Выпил мексидол, это нормально?";"прием_лекарств"
"Пью канефрон утром";"прием_лекарств"
"Доктор, я принимал кеторол, это не повлияет?";"прием_лекарств"
"Ой, я ел рис с рыбой, это плохо?";"нарушение_диеты"
"Извините, я пил сок прямого отжима";"нарушение_диеты"
"Ой, я ел чипсы, это плохо?";"нарушение_диеты"
"Выпил таблетку от тошноты вчера вечером";"прием_лекарств"
"Пью статины постоянно накануне";"прием_лекарств"
"Можно ли, если я выпил тоник?";"нарушение_диеты"
"Я нарушил диету: ел салат оливье на ночь";"нарушение_диеты"
"Выпил таблетку от тошноты накануне";"прием_лекарств"
"Выпил феназепам перед анализом";"прием_лекарств"
"Выпил мексидол";"прием_лекарств"
"Пил антацид от изжоги перед анализом";"прием_лекарств"
"Ел омлет утром";"нарушение_диеты"
"Принимал метформин перед анализом";"прием_лекарств"
"Выпил ренни, это нормально?";"прием_лекарств"
"Ел драники натощак";"нарушение_диеты"
"Я нарушил диету: выпил гранатовый сок";"нарушение_диеты"
"Выпил айран (я пациент)";"нарушение_диеты"
"Ой, я выпил капучино, это плохо?";"нарушение_диеты"
"Можно ли, если я ел пиццу накануне?";"нарушение_диеты"
"Пью гормональные таблетки накануне";"прием_лекарств"
"Съел булочку утром";"нарушение_диеты"
"Принимал нейролептики утром";"прием_лекарств"
"Можно ли, если я выпил тархун?";"нарушение_диеты"
"Принимал омепразол утром утром";"прием_лекарств"
"Случайно выпил принимал нейролептики";"прием_лекарств"
"Принимал фуросемид перед анализом";"прием_лекарств"
"Извините, я ел творожную запеканку";"нарушение_диеты"
"Можно ли, если я ел драники?";"нарушение_диеты"
"Выпил отхаркивающее, это нормально?";"прием_лекарств"
"Пил молоко перед анализом, это нормально?";"нарушение_диеты"
"Я л ромашковый чай с сахаром";"нарушение_диеты"
"Пью препараты железа";"прием_лекарств"
"Съел бутерброд (я пациент)";"нарушение_диеты"
"Я принимал пью препараты от эпилепсии";"прием_лекарств"
"Ой, я ел хлопья с молоком, это плохо?";"нарушение_диеты"
"Ой, я пил зелёный чай с сахаром, это плохо?";"нарушение_диеты"
"Пью канефрон";"прием_лекарств"
"Выпил аспирин накануне вчера вечером";"прием_лекарств"
"Съел панкейк с мёдом, это нормально?";"нарушение_диеты"
"Можно ли, если я принимал уролесан?";"прием_лекарств"
"Я ел сырник";"нарушение_диеты"
"Съел пирожок перед анализом";"нарушение_диеты"
"Принимаю пью тироксин постоянно";"прием_лекарств"
"Извините, я пью противоэпилептические";"прием_лекарств"
"Я принимал пью слабительное";"прием_лекарств"
"Случайно выпил смузи";"нарушение_диеты"
"Ел суп-пюре";"нарушение_диеты"
"Принимал антибиотики вчера, это нормально?";"прием_лекарств"
"Позавтракал перед походом в лабораторию перед анализом";"нарушение_диеты"
"Ел суп на завтрак натощак";"нарушение_диеты"
"Принимал глюкозамин";"прием_лекарств"
"Извините, я пил горячий шоколад";"нарушение_диеты"
"Я завтракал перед походом в лабораторию";"нарушение_диеты"
"Можно ли, если я выпил анальгин?";"прием_лекарств"
"Ой, я съел коржик, это плохо?";"нарушение_диеты"
"Выпил тоник, это нормально?";"нарушение_диеты"
"Случайно выпил принимал верошпирон";"прием_лекарств"
"Извините, я выпил но-шпу";"прием_лекарств"
"Можно ли, если я принимал омез?";"прием_лекарств"
"Извините, я принимал нурофен";"прием_лекарств"
"Доктор, я принимал аспирин кардио, это не повлияет?";"прием_лекарств"
"Выпил свечи с папаверином, это нормально?";"прием_лекарств"
"Извините, я съел банан";"нарушение_диеты"
"Ой, я ел хлопья с молоком, это плохо?";"нарушение_диеты"
"Я принимал пью сердечный препарат";"прием_лекарств"
"Я нарушил диету: выпил капучино";"нарушение_диеты"
"Ел суп-пюре (я пациент)";"нарушение_диеты"
"Съел вафлю с шоколадом (я пациент)";"нарушение_диеты"
"Случайно ел овсяную кашу с сахаром";"нарушение_диеты"
"Съел сырник натощак";"нарушение_диеты"
"Я ел плюшку";"нарушение_диеты"
"Можно ли, если я принимал обезболивающее на ночь?";"прием_лекарств"
"Пью противодиабетические средства утром";"прием_лекарств"
"Я нарушил диету: съел орешки";"нарушение_диеты"
"Я нарушил диету: пил ромашковый чай с сахаром";"нарушение_диеты"
"Ой, я съел творог, это плохо?";"нарушение_диеты"
"Я ел чизкейк";"нарушение_диеты"
"Съел чизкейк, это нормально?";"нарушение_диеты"
"Съел бургер, это нормально?";"нарушение_диеты"
"Ел мюсли с молоком";"нарушение_диеты"
"Я нарушил диету: я выпил кофе перед сдачей крови";"нарушение_диеты"
"Позавтракал кашей перед анализом";"нарушение_диеты"
"Я принимал принимал седативные";"прием_лекарств"
"Позавтракал перед походом в лабораторию натощак";"нарушение_диеты"
"Доктор, я принимал магний b6, это не повлияет?";"прием_лекарств"
"Пил кофе с молоком натощак";"нарушение_диеты"
"Пил компот утром";"нарушение_диеты"
"Принимал антикоагулянты утром";"прием_лекарств"
"Случайно ел пиццу накануне";"нарушение_диеты"
"Пил латте с сиропом натощак";"нарушение_диеты"
"Можно ли, если я съел коржик?";"нарушение_диеты"
"Пил каркаде натощак";"нарушение_диеты"
"Пил компот за час до сдачи";"нарушение_диеты"
"Можно ли, если я ел омлет?";"нарушение_диеты"
"Позавтракал кашей перед анализом";"нарушение_диеты"
"Я принимал принимал альмагель вчера";"прием_лекарств"
"Принимал метформин вчера вечером";"прием_лекарств"
"Принимаю выпил анальгин постоянно";"прием_лекарств"
"Плотно поужинал поздно ночью";"нарушение_диеты"
"Случайно съел панкейк с мёдом";"нарушение_диеты"
"Выпил лоратадин, это нормально?";"прием_лекарств"
"Пил горячий шоколад, это нормально?";"нарушение_диеты"
"Случайно съел вафлю с шоколадом";"нарушение_диеты"
"Доктор, я выпил каптоприл, это не повлияет?";"прием_лекарств"
"Я выпил кофе перед сдачей крови натощак";"нарушение_диеты"
"Пью антибиотик ципрофлоксацин";"прием_лекарств"
"Ел суп-пюре";"нарушение_диеты"
"Извините, я пил морс";"нарушение_диеты"
"Ой, я пил компот, это плохо?";"нарушение_диеты"
"Съел печенье утром";"нарушение_диеты"
"Ой, я выпил ряженку, это плохо?";"нарушение_диеты"
"Извините, я выпил кальций д3";"прием_лекарств"
"Принимал колдрекс, это нормально?";"прием_лекарств"
"Случайно ел омлет";"нарушение_диеты"
"Ел суп-пюре (я пациент)";"нарушение_диеты"
"Можно ли, если я выпил аспирин накануне?";"прием_лекарств"
"Случайно выпил выпил коэнзим q10";"прием_лекарств"
"Можно ли, если я пью препараты от эпилепсии?";"прием_лекарств"
"Выпил сок из пакета (я пациент)";"нарушение_диеты"
"Выпил лоратадин, это нормально?";"прием_лекарств"
"Съел чизкейк";"нарушение_диеты"
"Съел чизкейк, это нормально?";"нарушение_диеты"
"Я принимал принимал метформин";"прием_лекарств"
"Ел суп на завтрак перед анализом";"нарушение_диеты"
"Пью антидепрессанты ежедневно";"прием_лекарств"
"Принимал магний B6, это нормально?";"прием_лекарств"
"Принимал колдрекс, это нормально?";"прием_лекарств"
"Случайно съел сырник";"нарушение_диеты"
"Выпил спазмалгон вчера вечером";"прием_лекарств"
"Выпил таблетку от мигрени, это нормально?";"прием_лекарств"
"Выпил энергетик (я пациент)";"нарушение_диеты"
"Принимаю пью адаптол постоянно";"прием_лекарств"
"Принимаю пью лекарства для щитовидной железы постоянно";"прием_лекарств"
"Извините, я съел бургер";"нарушение_диеты"
"Выпил смузи утром";"нарушение_диеты"
"Можно ли, если я выпил лоперамид?";"прием_лекарств"
"Пил кофе без сахара, но всё равно, это нормально?";"нарушение_диеты"
"Принимал кеторол накануне";"прием_лекарств"
"Я  пасту на ужин";"нарушение_диеты"
"Выпил стакан апельсинового сока";"нарушение_диеты"
"Выпил стакан апельсинового сока за час до сдачи";"нарушение_диеты"
"Выпил таблетку от тошноты";"прием_лекарств"
"Принимал бифидобактерии накануне";"прием_лекарств"
"Случайно съел творог";"нарушение_диеты"
"Пью тироксин";"прием_лекарств"
"Ел пасту на ужин";"нарушение_диеты"
"Пил горячий шоколад натощак";"нарушение_диеты"
"Можно ли, если я съел яблоко за час до анализа?";"нарушение_диеты"
"Принимаю принимал магний b6 постоянно";"прием_лекарств"
"Ел фрукты, думая что можно";"нарушение_диеты"
"Ел омлет утром";"нарушение_диеты"
"Я принимал выпил таблетку от аллергии";"прием_лекарств"
"Ел салат из свеклы натощак";"нарушение_диеты"
"Ой, я ел фрукты, думая что можно, это плохо?";"нарушение_диеты"
"Извините, я ел кабачковую икру";"нарушение_диеты"
"Ел хлопья с молоком (я пациент)";"нарушение_диеты"
"Я принимал выпил ренни";"прием_лекарств"
"Можно ли, если я принимал миорелаксант?";"прием_лекарств"
"Съел чизкейк натощак";"нарушение_диеты"
"Выпил лекарство от кашля перед анализом";"прием_лекарств"
"Выпил американо натощак";"нарушение_диеты"
"Съел сырник натощак";"нарушение_диеты"
"Пью оральные контрацептивы вчера вечером";"прием_лекарств"
"Выпил мексидол";"прием_лекарств"
"Ой, я ел фрукты, думая что можно, это плохо?";"нарушение_диеты"
"Выпил кефир натощак";"нарушение_диеты"
"Выпил капучино за час до сдачи";"нарушение_диеты"
"Съел суши натощак";"нарушение_диеты"
"Можно ли, если я пил лимонад?";"нарушение_диеты"
"Доктор, я выпил коэнзим q10, это не повлияет?";"прием_лекарств"
"Принимал фенибут накануне";"прием_лекарств"
"Выпил аспирин накануне накануне";"прием_лекарств"
"Пил ягодный смузи перед анализом";"нарушение_диеты"
"Доктор, я принимал альмагель вчера, это не повлияет?";"прием_лекарств"
"Выпил тантум верде";"прием_лекарств"
"Пью статины постоянно";"прием_лекарств"
"Можно ли, если я выпил тархун?";"нарушение_диеты"
"Пью омега-3 вчера вечером";"прием_лекарств"
"Случайно выпил айран";"нарушение_диеты"
"Я пил гранатовый сок";"нарушение_диеты"
"Извините, я принимал аспирин кардио";"прием_лекарств"
"Я л травяной чай с мёдом";"нарушение_диеты"
"Пил томатный сок перед анализом";"нарушение_диеты"
"Случайно позавтракал перед походом в лабораторию";"нарушение_диеты"
"Выпил мексидол, это нормально?";"прием_лекарств"
"Извините, я пью иммуномодуляторы";"прием_лекарств"
"Извините, я пил молочный коктейль";"нарушение_диеты"
"Я принимал выпил успокоительное на ночь";"прием_лекарств"
"Принимал диклофенак для суставов, это нормально?";"прием_лекарств"
"Можно ли, если я выпил энтеросгель?";"прием_лекарств"
"Пью иммуномодуляторы перед анализом";"прием_лекарств"
"Пил чай с сахаром утром перед анализом";"нарушение_диеты"
"Пью статины постоянно утром";"прием_лекарств"
"Ой, я съел мороженое, это плохо?";"нарушение_диеты"
"Принимал омепразол утром утром";"прием_лекарств"
"Выпил жаропонижающее утром";"прием_лекарств"
"Принимал пикамилон";"прием_лекарств"
"Я принимал принимал аспирин кардио";"прием_лекарств"
"Выпил латте утром";"нарушение_диеты"
"Можно ли, если я выпил кефир?";"нарушение_диеты"
"Я принимал принимал аспирин кардио";"прием_лекарств"
"Ой, я съел печенье, это плохо?";"нарушение_диеты"
"Пью спирулину накануне";"прием_лекарств"
"Доктор, я выпил аспирин накануне, это не повлияет?";"прием_лекарств"
"Извините, я ел жареную картошку";"нарушение_диеты"
"Извините, я ел овсяную кашу с сахаром";"нарушение_диеты"
"Перекусил печеньем, это нормально?";"нарушение_диеты"
"Случайно выпил спрайт и съел чипсы";"нарушение_диеты"
"Ой, я выпил капучино, это плохо?";"нарушение_диеты"
"Я нарушил диету: выпил колу";"нарушение_диеты"
"Выпил кальций Д3 утром";"прием_лекарств"
"Выпил таблетку от бессонницы перед анализом";"прием_лекарств"
"Пил клюквенный морс перед анализом";"нарушение_диеты"
"Извините, я принимал циклоферон";"прием_лекарств"
"Доктор, я выпил каптоприл, это не повлияет?";"прием_лекарств"
"Я нарушил диету: употребил алкоголь накануне";"нарушение_диеты"
"Я нарушил диету: ел фрукты, думая что можно";"нарушение_диеты"
"Выпил тоник утром";"нарушение_диеты"
"Случайно выпил спрайт";"нарушение_диеты"
"Принимал нурофен вчера вечером";"прием_лекарств"
"Ел суп на завтрак";"нарушение_диеты"
"Пил ромашковый чай с сахаром натощак";"нарушение_диеты"
"Принимаю выпил таблетку от бессонницы постоянно";"прием_лекарств"
"Я нарушил диету: выпил тоник";"нарушение_диеты"
"Я нарушил диету: ел драники";"нарушение_диеты"
"Ел пиццу накануне натощак";"нарушение_диеты"
"Пил чай с сахаром утром (я пациент)";"нарушение_диеты"
"Я  овсяную кашу с сахаром";"нарушение_диеты"
"Пью противоэпилептические, это нормально?";"прием_лекарств"
"Принимал диклофенак в ампулах вчера вечером";"прием_лекарств"
"Можно ли, если я пью антикоагулянт варфарин?";"прием_лекарств"
"Выпил газировку с красителями, это нормально?";"нарушение_диеты"
"Принимал седативные накануне";"прием_лекарств"
"Пил парацетамол от температуры накануне";"прием_лекарств"
"Съел творог утром";"нарушение_диеты"
"Я принимал принимал верошпирон";"прием_лекарств"
"Пью контрацептивы";"прием_лекарств"
"Я нарушил диету: пил ягодный смузи";"нарушение_диеты"
"Ой, я пил томатный сок, это плохо?";"нарушение_диеты"
"Я нарушил диету: выпил спрайт и съел чипсы";"нарушение_диеты"
"Я нарушил диету: выпил энергетик";"нарушение_диеты"
"Съел йогурт, это нормально?";"нарушение_диеты"
"Ой, я пил молочный коктейль, это плохо?";"нарушение_диеты"
"Принимал альмагель вчера, это нормально?";"прием_лекарств"
"Случайно выпил пью препараты от эпилепсии";"прием_лекарств"
"Пью тироксин утром";"прием_лекарств"
"Выпил таблетку от бессонницы, это нормально?";"прием_лекарств"
"Принимаю принимал верошпирон постоянно";"прием_лекарств"
"Выпил латте (я пациент)";"нарушение_диеты"
"Можно ли, если я выпил таблетку от аллергии?";"прием_лекарств"
"Можно ли, если я принимал вольтарен гель?";"прием_лекарств"
"Случайно выпил принимал метформин";"прием_лекарств"
"Случайно выпил пью антиаритмические";"прием_лекарств"
"Выпил энергетик натощак";"нарушение_диеты"
"Можно ли, если я ел драники?";"нарушение_диеты"
"Я  чипсы";"нарушение_диеты"
"Я нарушил диету: ел пасту на ужин";"нарушение_диеты"
"Пью витамин D ежедневно вчера вечером";"прием_лекарств"
"Пью статины постоянно";"прием_лекарств"
"Съел коржик";"нарушение_диеты"
"Случайно съел хлеб с маслом и сыром";"нарушение_диеты"
"Можно ли, если я пью антидепрессант сертралин?";"прием_лекарств"
"Съел сэндвич утром";"нарушение_диеты"
"Ой, я пил компот из вишни, это плохо?";"нарушение_диеты"
"Я отно поужинал поздно ночью";"нарушение_диеты"
"Пил чай с молоком и сахаром";"нарушение_диеты"
"Можно ли, если я принимал сорбенты перед анализом?";"прием_лекарств"
"Пил травяной чай с мёдом (я пациент)";"нарушение_диеты"
"Можно ли, если я выпил американо?";"нарушение_диеты"
"Пил молочный коктейль с печеньем натощак";"нарушение_диеты"
"Ел драники (я пациент)";"нарушение_диеты"
"Я принимал принимал вольтарен гель";"прием_лекарств"
"Съел суши перед анализом";"нарушение_диеты"
"Пью антидепрессант сертралин перед анализом";"прием_лекарств"
"Принимал альмагель вчера утром";"прием_лекарств"
"Доктор, я принимал антибиотик амоксициллин, это не повлияет?";"прием_лекарств"
"Выпил таблетку от бессонницы, это нормально?";"прием_лекарств"
"Выпил кальций Д3";"прием_лекарств"
"Можно ли, если я выпил жаропонижающее утром?";"прием_лекарств"
"Принимаю выпил спазмалгон постоянно";"прием_лекарств"
"Я принимал пью антиретровирусные";"прием_лекарств"
"Съел плюшку перед анализом";"нарушение_диеты"
"Съел орешки (я пациент)";"нарушение_диеты"
"Я л молочный коктейль";"нарушение_диеты"
"Я принимал пью противовоспалительное";"прием_лекарств"
"Принимал нейролептики";"прием_лекарств"
"Случайно ел кабачковую икру";"нарушение_диеты"
"Ел гречку с маслом";"нарушение_диеты"
"Ел гречку с маслом утром";"нарушение_диеты"
"Ой, я выпил какао, это плохо?";"нарушение_диеты"
"Ел рис с рыбой перед анализом";"нарушение_диеты"
"Выпил гранатовый сок перед анализом";"нарушение_диеты"
"Пью омега-3 утром";"прием_лекарств"
"Ой, я съел орешки, это плохо?";"нарушение_диеты"
"Выпил энергетик утром";"нарушение_диеты"
"Съел вафлю с шоколадом (я пациент)";"нарушение_диеты"
"Пью канефрон перед анализом";"прием_лекарств"
"Ел мюсли с молоком натощак";"нарушение_диеты"
"Пил зелёный чай с сахаром";"нарушение_диеты"
"Выпил таблетку от бессонницы утром";"прием_лекарств"
"Извините, я съел бургер";"нарушение_диеты"
"Ой, я выпил какао, это плохо?";"нарушение_диеты"
"Можно ли, если я пью карнитин?";"прием_лекарств"
"Выпил анальгин перед анализом";"прием_лекарств"
"Съел чизкейк перед анализом";"нарушение_диеты"
"Доктор, я выпил таблетку от бессонницы, это не повлияет?";"прием_лекарств"
"Я принимал пью слабительное";"прием_лекарств"
"Пил томатный сок утром";"нарушение_диеты"
"Пил компот из вишни утром";"нарушение_диеты"
"Ой, я съел печенье, это плохо?";"нарушение_диеты"
"Случайно выпил пью омега-3";"прием_лекарств"
"Доктор, я выпил кальций д3, это не повлияет?";"прием_лекарств"
"Принимаю выпил но-шпу постоянно";"прием_лекарств"
"Выпил кальций Д3";"прием_лекарств"
"Извините, я ел мюсли с молоком";"нарушение_диеты"
"Случайно пил ягодный смузи";"нарушение_диеты"
"Я пил фрэш";"нарушение_диеты"
"Доктор, я пью спирулину, это не повлияет?";"прием_лекарств"
"Выпил успокоительное на ночь";"прием_лекарств"
"Принимаю принимал циклоферон постоянно";"прием_лекарств"
"Доктор, я выпил но-шпу, это не повлияет?";"прием_лекарств"
"Принимаю выпил дротаверин постоянно";"прием_лекарств"
"Принимал аспирин кардио, это нормально?";"прием_лекарств"
"Принимал антибиотики вчера накануне";"прием_лекарств"
"Принимал колдрекс, это нормально?";"прием_лекарств"
"Случайно выпил выпил свечи с папаверином";"прием_лекарств"
"Можно ли, если я пью омега-3?";"прием_лекарств"
"Ел фрукты, думая что можно за час до сдачи";"нарушение_диеты"
"Я принимал принимаю бады с железом";"прием_лекарств"
"Я пил кефир";"нарушение_диеты"
"Выпил аспирин накануне, это нормально?";"прием_лекарств"
"Случайно выпил выпил каптоприл";"прием_лекарств"
"Я принимал пью карнитин";"прием_лекарств"
"Выпил отхаркивающее утром";"прием_лекарств"
"Ел омлет";"нарушение_диеты"
"Извините, я принимал антибиотики вчера";"прием_лекарств"
"Принимаю принимал аспирин кардио постоянно";"прием_лекарств"
"Выпил стакан апельсинового сока, это нормально?";"нарушение_диеты"
"Пью противодиабетические средства, это нормально?";"прием_лекарств"
"Извините, я пью препараты железа";"прием_лекарств"
"Доктор, я выпил отхаркивающее, это не повлияет?";"прием_лекарств"
"Ел хлопья с молоком за час до сдачи";"нарушение_диеты"
"Пил ягодный смузи, это нормально?";"нарушение_диеты"
"Пил компот из вишни за час до сдачи";"нарушение_диеты"
"Выпил лоратадин, это нормально?";"прием_лекарств"
"Выпил таблетку от бессонницы накануне";"прием_лекарств"
"Можно ли, если я пил лимонад?";"нарушение_диеты"
"Я принимал пью антиретровирусные";"прием_лекарств"
"Съел йогурт, это нормально?";"нарушение_диеты"
"Выпил тантум верде утром";"прием_лекарств"
"Можно ли, если я пил чай с молоком и сахаром?";"нарушение_диеты"
"Пью препараты железа, это нормально?";"прием_лекарств"
"Ел кускус утром";"нарушение_диеты"
"Съел яблоко за час до анализа (я пациент)";"нарушение_диеты"
"Я нарушил диету: выпил кефир";"нарушение_диеты"
"Извините, я пил лимонад";"нарушение_диеты"
"Я ел бутерброд с колбасой";"нарушение_диеты"
"Я л кофе без сахара, но всё равно";"нарушение_диеты"
"Случайно выпил выпил цинк";"прием_лекарств"
"Ой, я съел бутерброд, это плохо?";"нарушение_диеты"
"Я принимал пью противовоспалительное";"прием_лекарств"
"Пил тёплое молоко утром";"нарушение_диеты"
"Я л кофе без сахара, но всё равно";"нарушение_диеты"
"Выпил мочегонное средство вчера вечером";"прием_лекарств"
"Случайно пил молоко перед анализом";"нарушение_диеты"
"Съел банан за час до сдачи";"нарушение_диеты"
"Принимал бифидобактерии перед анализом";"прием_лекарств"
"Выпил таблетку от давления утром накануне";"прием_лекарств"
"Принимал пикамилон накануне";"прием_лекарств"
"Пью сердечный препарат вчера вечером";"прием_лекарств"
"Можно ли, если я пил лимонад?";"нарушение_диеты"
"Выпил газировку с красителями за час до сдачи";"нарушение_диеты"
"Пил компот, это нормально?";"нарушение_диеты"
"Принимал противогрибковое, это нормально?";"прием_лекарств"
"Выпил таблетку от мигрени утром";"прием_лекарств"
"Пил компот из вишни перед анализом";"нарушение_диеты"
"Я нарушил диету: выпил стакан апельсинового сока";"нарушение_диеты"
"Я ел плюшку";"нарушение_диеты"
"Принимаю пью иммуномодуляторы постоянно";"прием_лекарств"
"Выпил ренни";"прием_лекарств"
"Ел манную кашу (я пациент)";"нарушение_диеты"
"Пью препараты железа утром";"прием_лекарств"
"Выпил феназепам перед анализом";"прием_лекарств"
"Я нарушил диету: выпил латте";"нарушение_диеты"
"Я нарушил диету: ел овсяную кашу с сахаром";"нарушение_диеты"
"Принимаю принимал альмагель вчера постоянно";"прием_лекарств"
"Можно ли, если я принимал бифидобактерии?";"прием_лекарств"
"Перекусил печеньем за час до сдачи";"нарушение_диеты"
"Пил латте с сиропом, это нормально?";"нарушение_диеты"
"Ел пиццу накануне, это нормально?";"нарушение_диеты"
"Принимаю выпил кальций д3 постоянно";"прием_лекарств"
"Извините, я принимал диклофенак для суставов";"прием_лекарств"
"Случайно съел суши";"нарушение_диеты"
"Я принимал принимал омепразол утром";"прием_лекарств"
"Выпил стакан апельсинового сока за час до сдачи";"нарушение_диеты"
"Выпил сок из пакета (я пациент)";"нарушение_диеты"
"Случайно выпил пью тироксин";"прием_лекарств"
"Я л зелёный чай с сахаром";"нарушение_диеты"
"Случайно пил ромашковый чай с сахаром";"нарушение_диеты"
"Принимаю пью мильгамму постоянно";"прием_лекарств"
"Случайно выпил пью канефрон";"прием_лекарств"
"Извините, я принимал омепразол утром";"прием_лекарств"
"Ел овсяную кашу с сахаром перед анализом";"нарушение_диеты"
"Можно ли, если я пил морс?";"нарушение_диеты"
"Извините, я ел омлет";"нарушение_диеты"
"Пил молочный коктейль утром";"нарушение_диеты"
"Пил тёплое молоко (я пациент)";"нарушение_диеты"
"Съел панкейк с мёдом перед анализом";"нарушение_диеты"
"Принимал миорелаксант перед анализом";"прием_лекарств"
"Пью сердечный препарат накануне";"прием_лекарств"
"Выпил таблетку от бессонницы";"прием_лекарств"
"Принимаю принимал антибиотик амоксициллин постоянно";"прием_лекарств"
"Пью антикоагулянт варфарин вчера вечером";"прием_лекарств"
"Извините, я пью адаптол";"прием_лекарств"
"Можно ли, если я ел мюсли с молоком?";"нарушение_диеты"
"Можно ли, если я выпил спазмалгон?";"прием_лекарств"
"Я нарушил диету: съел печенье";"нарушение_диеты"
"Можно ли, если я выпил таблетку от давления утром?";"прием_лекарств"
"Съел блин со сгущёнкой натощак";"нарушение_диеты"
"Пью тироксин накануне";"прием_лекарств"
"Я нарушил диету: ел кускус";"нарушение_диеты"
"Случайно выпил фрэш";"нарушение_диеты"
"Выпил латте натощак";"нарушение_диеты"
"Выпил газировку с красителями утром";"нарушение_диеты"
"Извините, я пью иммуномодуляторы";"прием_лекарств"
"Ой, я употребил алкоголь накануне, это плохо?";"нарушение_диеты"
"Ой, я пил каркаде, это плохо?";"нарушение_диеты"
"Можно ли, если я принимал фуросемид?";"прием_лекарств"
"Я нарушил диету: съел пирожок";"нарушение_диеты"
"Употребил алкоголь накануне, это нормально?";"нарушение_диеты"
"Можно ли, если я принимал нейролептики?";"прием_лекарств"
"Пью антидепрессант сертралин вчера вечером";"прием_лекарств"
"Пью тироксин накануне";"прием_лекарств"
"Пил ромашковый чай с сахаром перед анализом";"нарушение_диеты"
"Ел рис с рыбой за час до сдачи";"нарушение_диеты"
"Пил ромашковый чай с сахаром за час до сдачи";"нарушение_диеты"
"Я принимал выпил таблетку от мигрени";"прием_лекарств"
"Съел бургер, это нормально?";"нарушение_диеты"
"Можно ли, если я принимал альмагель вчера?";"прием_лекарств"
"Я нарушил диету: пил молоко перед анализом";"нарушение_диеты"
"Я принимал выпил таблетку от аллергии";"прием_лекарств"
"Я л молочный коктейль";"нарушение_диеты"
"Извините, я пью мильгамму";"прием_лекарств"
"Извините, я выпил энтеросгель";"прием_лекарств"
"Принимаю пью иммуномодуляторы постоянно";"прием_лекарств"
"Пью иммуномодуляторы накануне";"прием_лекарств"
"Принимал кардиомагнил накануне";"прием_лекарств"
"Пью статины постоянно накануне";"прием_лекарств"
"Доктор, я принимал диклофенак для суставов, это не повлияет?";"прием_лекарств"
"Ой, я ел жареную картошку, это плохо?";"нарушение_диеты"
"Случайно выпил принимал аспирин кардио";"прием_лекарств"
"Пью тироксин перед анализом";"прием_лекарств"
"Выпил смузи, это нормально?";"нарушение_диеты"
"Съел коржик утром";"нарушение_диеты"
"Пил тёплое молоко";"нарушение_диеты"
"Ел гречку с маслом за час до сдачи";"нарушение_диеты"
"Ой, я съел вафлю с шоколадом, это плохо?";"нарушение_диеты"
"Пью оральные контрацептивы утром";"прием_лекарств"
"Ел жареную картошку, это нормально?";"нарушение_диеты"
"Съел коржик утром";"нарушение_диеты"
"Ой, я съел вафлю с шоколадом, это плохо?";"нарушение_диеты"
"Доктор, я пью антиаритмические, это не повлияет?";"прием_лекарств"
"Можно ли, если я ел мюсли с молоком?";"нарушение_диеты"
"Принимал диклофенак для суставов, это нормально?";"прием_лекарств"
"Доктор, я выпил таблетку от давления утром, это не повлияет?";"прием_лекарств"
"Выпил ряженку (я пациент)";"нарушение_диеты"
"Принимал циклоферон, это нормально?";"прием_лекарств"
"Я пил колу";"нарушение_диеты"
"Съел бургер за час до сдачи";"нарушение_диеты"
"Можно ли, если я пью противодиабетические средства?";"прием_лекарств"
"Принимаю пью гипотензивные постоянно";"прием_лекарств"
"Можно ли, если я пил лимонад?";"нарушение_диеты"
"Выпил феназепам, это нормально?";"прием_лекарств"
"Ой, я пил чай с молоком и сахаром, это плохо?";"нарушение_диеты"
"Ой, я съел бутерброд с колбасой, это плохо?";"нарушение_диеты"
"Съел печенье за час до сдачи";"нарушение_диеты"
"Выпил кефир";"нарушение_диеты"
"Извините, я выпил энергетик без сахара";"нарушение_диеты"
"Я нарушил диету: ел драники";"нарушение_диеты"
"Ел салат оливье на ночь, это нормально?";"нарушение_диеты"
"Случайно съел суши";"нарушение_диеты"
"Можно ли, если я пил молочный коктейль?";"нарушение_диеты"
"Съел печенье";"нарушение_диеты"
"Принимал антигистаминные вчера вчера вечером";"прием_лекарств"
"Ел омлет натощак";"нарушение_диеты"
"Выпил газировку с красителями";"нарушение_диеты"
"Доктор, я принимал уролесан, это не повлияет?";"прием_лекарств"
"Принимаю принимал преднизолон постоянно";"прием_лекарств"
"Выпил коэнзим Q10 вчера вечером";"прием_лекарств"
"Я принимал выпил цинк";"прием_лекарств"
"Выпил энергетик (я пациент)";"нарушение_диеты"
"Извините, я пью антиретровирусные";"прием_лекарств"
"Съел бургер";"нарушение_диеты"
"Доктор, я выпил дротаверин, это не повлияет?";"прием_лекарств"
"Можно ли, если я принимал кардиомагнил?";"прием_лекарств"
"Я принимал принимал противогрибковое";"прием_лекарств"
"Выпил цинк вчера вечером";"прием_лекарств"
"Пью иммуномодуляторы";"прием_лекарств"
"Я пил стакан апельсинового сока";"нарушение_диеты"
"Я  драники";"нарушение_диеты"
"Принимал фуросемид перед анализом";"прием_лекарств"
"Ел манную кашу утром";"нарушение_диеты"
"Извините, я пил молочный коктейль";"нарушение_диеты"
"Пью антиаритмические накануне";"прием_лекарств"
"Извините, я выпил стакан апельсинового сока";"нарушение_диеты"
"Случайно выпил принимал сорбенты перед анализом";"прием_лекарств"
"Я нарушил диету: пил бабл чай";"нарушение_диеты"
"Случайно выпил принимал альмагель вчера";"прием_лекарств"
"Принимал антикоагулянты вчера вечером";"прием_лекарств"
"Ой, я съел коржик, это плохо?";"нарушение_диеты"
"Можно ли, если я съел чизкейк?";"нарушение_диеты"
"Принимал антигистаминные вчера вчера вечером";"прием_лекарств"
"Доктор, я выпил мексидол, это не повлияет?";"прием_лекарств"
"Выпил лекарство от кашля утром";"прием_лекарств"
"Выпил фрэш натощак";"нарушение_диеты"
"Пью тироксин";"прием_лекарств"
"Пил ягодный смузи за час до сдачи";"нарушение_диеты"
"Съел банан, это нормально?";"нарушение_диеты"
"Извините, я выпил энергетик без сахара";"нарушение_диеты"
"Принимаю принимал метформин постоянно";"прием_лекарств"
"Принимал диклофенак для суставов вчера вечером";"прием_лекарств"
"Я принимал пью иммуномодуляторы";"прием_лекарств"
"Пью антибиотик ципрофлоксацин утром";"прием_лекарств"
"Выпил газировку с красителями (я пациент)";"нарушение_диеты"
"Извините, я выпил мексидол";"прием_лекарств"
"Ой, я ел омлет, это плохо?";"нарушение_диеты"
"Я ел хлеб с маслом и сыром";"нарушение_диеты"
"Выпил спазмалгон накануне";"прием_лекарств"
"Пил компот из вишни утром";"нарушение_диеты"
"Выпил экстракт валерианы утром";"прием_лекарств"
"Пил горячий шоколад натощак";"нарушение_диеты"
"Выпил стакан апельсинового сока натощак";"нарушение_диеты"
"Я нарушил диету: пил горячий шоколад";"нарушение_диеты"
"Я принимал пью адаптол";"прием_лекарств"
"Принимаю принимал миорелаксант постоянно";"прием_лекарств"
"Я принимал пью тироксин";"прием_лекарств"
"Принимал диклофенак в ампулах накануне";"прием_лекарств"
"Выпил спазмалгон перед анализом";"прием_лекарств"
"Извините, я выпил американо";"нарушение_диеты"
"Доктор, я принимала витамины с железом, это не повлияет?";"прием_лекарств"
"Пил тёплое молоко, это нормально?";"нарушение_диеты"
"Доктор, я принимал диклофенак для суставов, это не повлияет?";"прием_лекарств"
"Извините, я выпил какао";"нарушение_диеты"
"Пью канефрон вчера вечером";"прием_лекарств"
"Ой, я ел блинчики с мясом, это плохо?";"нарушение_диеты"
"Доктор, я пью контрацептивы, это не повлияет?";"прием_лекарств"
"Пью антидепрессант сертралин накануне";"прием_лекарств"
"Ел хлопья с молоком";"нарушение_диеты"
"Пью таблетки от простатита, это нормально?";"прием_лекарств"
"Случайно ел фрукты, думая что можно";"нарушение_диеты"
"Извините, я выпил супрастин";"прием_лекарств"
"Ел хлопья с молоком, это нормально?";"нарушение_диеты"
"Доктор, я пью препараты железа, это не повлияет?";"прием_лекарств"
"Извините, я выпил супрастин";"прием_лекарств"
"Пил парацетамол от температуры перед анализом";"прием_лекарств"
"Пью тироксин вчера вечером";"прием_лекарств"
"Ел рис с рыбой, это нормально?";"нарушение_диеты"
"Употребил алкоголь накануне за час до сдачи";"нарушение_диеты"
"Выпил смузи (я пациент)";"нарушение_диеты"
"Принимал верошпирон утром";"прием_лекарств"
"Съел сырник утром";"нарушение_диеты"
"Принимал элевит накануне";"прием_лекарств"
"Пил ягодный смузи (я пациент)";"нарушение_диеты"
"Пил молоко перед анализом перед анализом";"нарушение_диеты"
"Ел манную кашу перед анализом";"нарушение_диеты"
"Пью гормональные таблетки, это нормально?";"прием_лекарств"
"Случайно выпил принимал антигистаминные вчера";"прием_лекарств"
"Пил каркаде, это нормально?";"нарушение_диеты"
"Выпил ряженку за час до сдачи";"нарушение_диеты"
"Выпил спазмалгон";"прием_лекарств"
"Ой, я пил травяной чай с мёдом, это плохо?";"нарушение_диеты"
"Можно ли, если я пил бабл чай?";"нарушение_диеты"
"Можно ли, если я ел кускус?";"нарушение_диеты"
"Можно ли, если я ел суп-пюре?";"нарушение_диеты"
"Пил молочный коктейль, это нормально?";"нарушение_диеты"
"Ел фрукты, думая что можно, это нормально?";"нарушение_диеты"
"Извините, я пью сердечный препарат";"прием_лекарств"
"Съел печенье, это нормально?";"нарушение_диеты"
"Съел орешки утром";"нарушение_диеты"
"Я пил фрэш";"нарушение_диеты"
"Доктор, я пью антиаритмические, это не повлияет?";"прием_лекарств"
"Ел салат из свеклы за час до сдачи";"нарушение_диеты"
"Случайно выпил принимал антигистаминные вчера";"прием_лекарств"
"Случайно съел яблоко за час до анализа";"нарушение_диеты"
"Извините, я ел пасту на ужин";"нарушение_диеты"
"Извините, я пью сердечный препарат";"прием_лекарств"
"Пил сок прямого отжима";"нарушение_диеты"
"Извините, я принимал уролесан";"прием_лекарств"
"Пью статины постоянно накануне";"прием_лекарств"
"Случайно ел шоколадку натощак";"нарушение_диеты"
"Ел кабачковую икру перед анализом";"нарушение_диеты"
"Случайно пил клюквенный морс";"нарушение_диеты"
"Выпил ряженку перед анализом";"нарушение_диеты"
"Пил компот за час до сдачи";"нарушение_диеты"
"Я нарушил диету: пил матча латте";"нарушение_диеты"
"Пью омега-3 утром";"прием_лекарств"
"Выпил дротаверин, это нормально?";"прием_лекарств"
"Принимала витамины с железом перед анализом";"прием_лекарств"
"Пью антидепрессант сертралин утром";"прием_лекарств"
"Принимал кеторол накануне";"прием_лекарств"
"Извините, я выпил аспирин накануне";"прием_лекарств"
"Извините, я пил чай с молоком и сахаром";"нарушение_диеты"
"Ой, я пил молочный коктейль с печеньем, это плохо?";"нарушение_диеты"
"Принимал кардиомагнил";"прием_лекарств"
"Я принимал пью тироксин";"прием_лекарств"
"Можно ли, если я ел хлопья с молоком?";"нарушение_диеты"
"Съел блин со сгущёнкой, это нормально?";"нарушение_диеты"
"Съел творог перед анализом";"нарушение_диеты"
"Ел жареную картошку натощак";"нарушение_диеты"
"Пил сок прямого отжима перед анализом";"нарушение_диеты"
"Я л молочный коктейль";"нарушение_диеты"
"Пил клюквенный морс утром";"нарушение_диеты"
"Выпил коэнзим Q10";"прием_лекарств"
"Ел суп на завтрак утром";"нарушение_диеты"
"Выпил гранатовый сок (я пациент)";"нарушение_диеты"
"Выпил таблетку от мигрени вчера вечером";"прием_лекарств"
"Можно ли, если я пил каркаде?";"нарушение_диеты"
"Принимал кеторол перед анализом";"прием_лекарств"
"Я принимал пью оральные контрацептивы";"прием_лекарств"
"Доктор, я выпил таблетку от мигрени, это не повлияет?";"прием_лекарств"
"Доктор, я пью сердечный препарат, это не повлияет?";"прием_лекарств"
"Выпил смузи натощак";"нарушение_диеты"
"Пью спирулину, это нормально?";"прием_лекарств"
"Пил кофе с молоком натощак";"нарушение_диеты"
"Извините, я ел салат оливье на ночь";"нарушение_диеты"
"Случайно выпил пил парацетамол от температуры";"прием_лекарств"
"Пью антиаритмические, это нормально?";"прием_лекарств"
"Я принимал пью препараты от эпилепсии";"прием_лекарств"
"Случайно выпил принимала витамины с железом";"прием_лекарств"
"Случайно выпил пью сердечный препарат";"прием_лекарств"
"Случайно съел суши";"нарушение_диеты"
"Ой, я съел блин со сгущёнкой, это плохо?";"нарушение_диеты"
"Пил молочный коктейль";"нарушение_диеты"
"Доктор, я выпил кальций д3, это не повлияет?";"прием_лекарств"
"Принимаю пью препараты железа постоянно";"прием_лекарств"
"Съел панкейк с мёдом натощак";"нарушение_диеты"
"Пил компот натощак";"нарушение_диеты"
"Случайно выпил спрайт";"нарушение_диеты"
"Пью иммуномодуляторы перед анализом";"прием_лекарств"
"Принимал нейролептики";"прием_лекарств"
"Можно ли, если я пью антибиотик ципрофлоксацин?";"прием_лекарств"
"Ел омлет";"нарушение_диеты"
"Ел кабачковую икру (я пациент)";"нарушение_диеты"
"Я принимал пью антидепрессанты ежедневно";"прием_лекарств"
"Я л молочный коктейль";"нарушение_диеты"
"Случайно выпил принимал альмагель вчера";"прием_лекарств"
"Съел коржик, это нормально?";"нарушение_диеты"
"Выпил отхаркивающее утром";"прием_лекарств"
"Ой, я выпил американо, это плохо?";"нарушение_диеты"
"Извините, я выпил лоперамид";"прием_лекарств"
"Пил парацетамол от температуры, это нормально?";"прием_лекарств"
"Пью иммуномодуляторы, это нормально?";"прием_лекарств"
"Извините, я пью лекарства для щитовидной железы";"прием_лекарств"
"Я принимал принимал аспирин кардио";"прием_лекарств"
"Пью слабительное перед анализом";"прием_лекарств"
"Выпил анальгин вчера вечером";"прием_лекарств"
"Принимал пикамилон";"прием_лекарств"
"Съел йогурт натощак";"нарушение_диеты"
"Выпил супрастин перед анализом";"прием_лекарств"
"Принимал кардиомагнил перед анализом";"прием_лекарств"
"Съел блин со сгущёнкой утром";"нарушение_диеты"
"Случайно съел сушку с маком";"нарушение_диеты"
"Случайно пил ягодный смузи";"нарушение_диеты"
"Пил антацид от изжоги";"прием_лекарств"
"Принимал кардиомагнил";"прием_лекарств"
"Ой, я съел пирожок, это плохо?";"нарушение_диеты"
"Ел хлопья с молоком (я пациент)";"нарушение_диеты"
"Съел яблоко за час до анализа (я пациент)";"нарушение_диеты"
"Я нарушил диету: позавтракал кашей";"нарушение_диеты"
"Я нарушил диету: пил тёплое молоко";"нарушение_диеты"
"Случайно съел бутерброд";"нарушение_диеты"
"Ел салат из свеклы (я пациент)";"нарушение_диеты"
"Случайно выпил выпил кальций д3";"прием_лекарств"
"Принимал обезболивающее на ночь, это нормально?";"прием_лекарств"
"Выпил лоратадин утром";"прием_лекарств"
"Доктор, я пью контрацептивы, это не повлияет?";"прием_лекарств"
"Ой, я пил кофе с молоком, это плохо?";"нарушение_диеты"
"Можно ли, если я принимал антигистаминные вчера?";"прием_лекарств"
"Я л газировку";"нарушение_диеты"
"Плотно поужинал поздно ночью перед анализом";"нарушение_диеты"
"Извините, я выпил газировку с красителями";"нарушение_диеты"
"Выпил коэнзим Q10 накануне";"прием_лекарств"
"Я  фрукты, думая что можно";"нарушение_диеты"
"Случайно ел кабачковую икру";"нарушение_диеты"
"Принимал аспирин кардио утром";"прием_лекарств"
"Доктор, я выпил спазмоветрин, это не повлияет?";"прием_лекарств"
"Извините, я принимал антикоагулянты";"прием_лекарств"
"Плотно поужинал поздно ночью за час до сдачи";"нарушение_диеты"
"Съел бургер за час до сдачи";"нарушение_диеты"
"Случайно выпил принимал метформин";"прием_лекарств"
"Извините, я принимал аспирин кардио";"прием_лекарств"
"Принимал омез";"прием_лекарств"
"Можно ли, если я ел кабачковую икру?";"нарушение_диеты"
"Выпил стакан апельсинового сока натощак";"нарушение_диеты"
"Я принимал пью противовоспалительное";"прием_лекарств"
"Случайно съел хлеб с маслом и сыром";"нарушение_диеты"
"Случайно выпил выпил таблетку от тошноты";"прием_лекарств"
"Я  блинчики с мясом";"нарушение_диеты"
"Пью витамин D ежедневно перед анализом";"прием_лекарств"
"Случайно выпил принимал глюкозамин";"прием_лекарств"
"Я принимал пью гипотензивные";"прием_лекарств"
"Пил имбирный чай с сахаром (я пациент)";"нарушение_диеты"
"Съел хлеб с маслом и сыром";"нарушение_диеты"
"Ел омлет утром";"нарушение_диеты"
"Случайно ел суп-пюре";"нарушение_диеты"
"Ел суп на завтрак утром";"нарушение_диеты"
"Принимал миорелаксант перед анализом";"прием_лекарств"
"Выпил отхаркивающее накануне";"прием_лекарств"
"Выпил спрайт";"нарушение_диеты"
"Я принимал пью спирулину";"прием_лекарств"
"Съел банан перед анализом";"нарушение_диеты"
"Извините, я пил тёплое молоко";"нарушение_диеты"
"Я принимал принимал элевит";"прием_лекарств"
"Случайно выпил выпил аспирин накануне";"прием_лекарств"
"Можно ли, если я съел бургер?";"нарушение_диеты"
"Пил кофе с молоком перед анализом";"нарушение_диеты"
"Ой, я съел суши, это плохо?";"нарушение_диеты"
"Я нарушил диету: съел коржик";"нарушение_диеты"
"Доктор, я пью слабительное, это не повлияет?";"прием_лекарств"
"Принимал преднизолон вчера вечером";"прием_лекарств"
"Доктор, я принимал омепразол утром, это не повлияет?";"прием_лекарств"
"Выпил энергетик натощак";"нарушение_диеты"
"Выпил коэнзим Q10 утром";"прием_лекарств"
"Случайно выпил какао с зефиром";"нарушение_диеты"
"Можно ли, если я пью клоназепам?";"прием_лекарств"
"Я принимал пью антидепрессанты ежедневно";"прием_лекарств"
"Пью карнитин накануне";"прием_лекарств"
"Выпил какао с зефиром";"нарушение_диеты"
"Можно ли, если я выпил жаропонижающее утром?";"прием_лекарств"
"Доктор, я выпил лоперамид, это не повлияет?";"прием_лекарств"
"Я пил тоник";"нарушение_диеты"
"Принимаю выпил супрадин постоянно";"прием_лекарств"
"Я пил газировку с красителями";"нарушение_диеты"
"Выпил какао с зефиром натощак";"нарушение_диеты"
"Я  творожную запеканку";"нарушение_диеты"
"Принимаю пью антиретровирусные постоянно";"прием_лекарств"
"Случайно пил тёплое молоко";"нарушение_диеты"
"Принимал кеторол";"прием_лекарств"
"Пью противовоспалительное накануне";"прием_лекарств"
"Выпил тантум верде, это нормально?";"прием_лекарств"
"Можно ли, если я пью тетрациклиновую мазь?";"прием_лекарств"
"Выпил энтеросгель, это нормально?";"прием_лекарств"
"Пил латте с сиропом (я пациент)";"нарушение_диеты"
"Извините, я принимал миорелаксант";"прием_лекарств"
"Можно ли, если я пил каркаде?";"нарушение_диеты"
"Ел чипсы (я пациент)";"нарушение_диеты"
"Выпил ряженку утром";"нарушение_диеты"
"Доктор, я пью противоэпилептические, это не повлияет?";"прием_лекарств"
"Принимаю принимал метформин постоянно";"прием_лекарств"
"Ел фрукты, думая что можно (я пациент)";"нарушение_диеты"
"Выпил сокосодержащий напиток, это нормально?";"нарушение_диеты"
"Съел йогурт (я пациент)";"нарушение_диеты"
"Доктор, я пью карнитин, это не повлияет?";"прием_лекарств"
"Принимал циклоферон вчера вечером";"прием_лекарств"
"Ел суп-пюре (я пациент)";"нарушение_диеты"
"Я нарушил диету: съел хлеб с маслом и сыром";"нарушение_диеты"
"Выпил спазмоветрин утром";"прием_лекарств"
"Перекусил печеньем утром";"нарушение_диеты"
"Я  омлет";"нарушение_диеты"
"Извините, я выпил анальгин";"прием_лекарств"
"Извините, я выпил смузи";"нарушение_диеты"
"Можно ли, если я принимал преднизолон?";"прием_лекарств"
"Доктор, я пью контрацептивы, это не повлияет?";"прием_лекарств"
"Я нарушил диету: съел бургер";"нарушение_диеты"
"Пью канефрон, это нормально?";"прием_лекарств"
"Съел чизкейк утром";"нарушение_диеты"
"Случайно пил каркаде";"нарушение_диеты"
"Случайно ел хлопья с молоком";"нарушение_диеты"
"Доктор, я выпил цинк, это не повлияет?";"прием_лекарств"
"Употребил алкоголь накануне перед анализом";"нарушение_диеты"
"Можно ли, если я ел кускус?";"нарушение_диеты"
"Можно ли, если я принимал диклофенак для суставов?";"прием_лекарств"
"Извините, я ел фрукты, думая что можно";"нарушение_диеты"
"Случайно выпил выпил мексидол";"прием_лекарств"
"Выпил отхаркивающее вчера вечером";"прием_лекарств"
"Ел драники утром";"нарушение_диеты"
"Пил ягодный смузи перед анализом";"нарушение_диеты"
"Я  шоколадку натощак";"нарушение_диеты"
"Можно ли, если я пил томатный сок?";"нарушение_диеты"
"Извините, я выпил таблетку от давления утром";"прием_лекарств"
"Случайно выпил выпил но-шпу";"прием_лекарств"
"Выпил тантум верде утром";"прием_лекарств"
"Извините, я пил чай с сахаром утром";"нарушение_диеты"
"Выпил спрайт натощак";"нарушение_диеты"
"Я ел блин со сгущёнкой";"нарушение_диеты"
"Пил компот из вишни, это нормально?";"нарушение_диеты"
"Выпил айран перед анализом";"нарушение_диеты"
"Можно ли, если я выпил таблетку от бессонницы?";"прием_лекарств"
"Случайно выпил сокосодержащий напиток";"нарушение_диеты"
"Можно ли, если я принимал колдрекс?";"прием_лекарств"
"Можно ли, если я пью карнитин?";"прием_лекарств"
"Случайно пил томатный сок";"нарушение_диеты"
"Можно ли, если я пью спирулину?";"прием_лекарств"
"Можно ли, если я пил тёплое молоко?";"нарушение_диеты"
"Я  шоколадку натощак";"нарушение_диеты"
"Съел суши натощак";"нарушение_диеты"
"Позавтракал кашей перед анализом";"нарушение_диеты"
"Я ел яблоко за час до анализа";"нарушение_диеты"
"Выпил коэнзим Q10 накануне";"прием_лекарств"
"Случайно выпил выпил анальгин";"прием_лекарств"
"Случайно выпил выпил энтеросгель";"прием_лекарств"
"Принимал седативные вчера вечером";"прием_лекарств"
"Можно ли, если я выпил кальций д3?";"прием_лекарств"
"Случайно выпил капучино";"нарушение_диеты"
"Я принимал пью антиретровирусные";"прием_лекарств"
"Доктор, я принимал кардиомагнил, это не повлияет?";"прием_лекарств"
"Пью адаптол";"прием_лекарств"
"Пью канефрон накануне";"прием_лекарств"
"Я нарушил диету: ел блинчики с мясом";"нарушение_диеты"
"Я принимал пью адаптол";"прием_лекарств"
"Принимал омепразол утром накануне";"прием_лекарств"
"Можно ли, если я пил молочный коктейль?";"нарушение_диеты"
"Принимал магний B6 утром";"прием_лекарств"
"Пью сердечный препарат накануне";"прием_лекарств"
"Принимал диклофенак в ампулах утром";"прием_лекарств"
"Я принимал выпил анальгин";"прием_лекарств"
"Случайно пил травяной чай с мёдом";"нарушение_диеты"
"Принимал уролесан вчера вечером";"прием_лекарств"
"Съел пирожок перед анализом";"нарушение_диеты"
"Выпил жаропонижающее утром перед анализом";"прием_лекарств"
"Принимаю выпил таблетку от тошноты постоянно";"прием_лекарств"
"Ел жареную картошку";"нарушение_диеты"
"Можно ли, если я выпил смузи?";"нарушение_диеты"
"Пил чай с сахаром утром (я пациент)";"нарушение_диеты"
"Выпил успокоительное на ночь вчера вечером";"прием_лекарств"
"Пил газировку (я пациент)";"нарушение_диеты"
"Выпил цинк перед анализом";"прием_лекарств"
"Ел мюсли с молоком (я пациент)";"нарушение_диеты"
"Пил компот из вишни натощак";"нарушение_диеты"
"Ел овсяную кашу с сахаром натощак";"нарушение_диеты"
"Извините, я принимал миорелаксант";"прием_лекарств"
"Ой, я съел яблоко за час до анализа, это плохо?";"нарушение_диеты"
"Можно ли, если я пью антиретровирусные?";"прием_лекарств"
"Ел манную кашу, это нормально?";"нарушение_диеты"
"Принимаю выпил энтеросгель постоянно";"прием_лекарств"
"Пью противовоспалительное утром";"прием_лекарств"
"Выпил феназепам";"прием_лекарств"
"Пью антидепрессант сертралин";"прием_лекарств"
"Я нарушил диету: пил матча латте";"нарушение_диеты"
"Случайно выпил пью спирулину";"прием_лекарств"
"Извините, я принимал верошпирон";"прием_лекарств"
"Ой, я съел вафлю с шоколадом, это плохо?";"нарушение_диеты"
"Пью антиаритмические утром";"прием_лекарств"
"Доктор, я выпил каптоприл, это не повлияет?";"прием_лекарств"
"Доктор, я пил антацид от изжоги, это не повлияет?";"прием_лекарств"
"Выпил коэнзим Q10 перед анализом";"прием_лекарств"
"Ел мюсли с молоком";"нарушение_диеты"
"Извините, я принимал сорбенты перед анализом";"прием_лекарств"
"Выпил мочегонное средство вчера вечером";"прием_лекарств"
"Извините, я принимал метформин";"прием_лекарств"
"Пил кофе с молоком";"нарушение_диеты"
"Съел панкейк с мёдом";"нарушение_диеты"
"Ой, я пил молочный коктейль с печеньем, это плохо?";"нарушение_диеты"
"Выпил свечи с папаверином, это нормально?";"прием_лекарств"
"Извините, я выпил таблетку от давления утром";"прием_лекарств"
"Принимал колдрекс";"прием_лекарств"
"Я принимал выпил мочегонное средство";"прием_лекарств"
"Выпил таблетку от бессонницы утром";"прием_лекарств"
"Ой, я пил ягодный смузи, это плохо?";"нарушение_диеты"
"Я принимал принимал метформин";"прием_лекарств"
"Съел вафлю с шоколадом (я пациент)";"нарушение_диеты"
"Ел суп на завтрак перед анализом";"нарушение_диеты"
"Пил томатный сок утром";"нарушение_диеты"
"Я принимал пью канефрон";"прием_лекарств"
"Доктор, я выпил супрастин, это не повлияет?";"прием_лекарств"
"Можно ли, если я выпил ренни?";"прием_лекарств"
"Съел йогурт натощак";"нарушение_диеты"
"Я принимал выпил дротаверин";"прием_лекарств"
"Можно ли, если я принимал антибиотики вчера?";"прием_лекарств"
"Ел пиццу накануне, это нормально?";"нарушение_диеты"
"Принимал аспирин кардио";"прием_лекарств"
"Извините, я пью антидепрессант сертралин";"прием_лекарств"
"Случайно пил молочный коктейль с печеньем";"нарушение_диеты"
"Ой, я пил компот, это плохо?";"нарушение_диеты"
"Я нарушил диету: ел мюсли с молоком";"нарушение_диеты"
"Я ел блин со сгущёнкой";"нарушение_диеты"
"Ой, я перекусил печеньем, это плохо?";"нарушение_диеты"
"Я нарушил диету: пил компот из вишни";"нарушение_диеты"
"Случайно ел жареную картошку";"нарушение_диеты"
"Ел гречку с маслом";"нарушение_диеты"
"Выпил какао за час до сдачи";"нарушение_диеты"
"Случайно выпил пью контрацептивы";"прием_лекарств"
"Можно ли, если я пил ягодный смузи?";"нарушение_диеты"
"Можно ли, если я пил томатный сок?";"нарушение_диеты"
"Я принимал выпил экстракт валерианы";"прием_лекарств"
"Извините, я съел мороженое";"нарушение_диеты"
"Пью противовоспалительное, это нормально?";"прием_лекарств"
"Принимал антибиотик амоксициллин накануне";"прием_лекарств"
"Я принимал выпил супрадин";"прием_лекарств"
"Выпил кефир за час до сдачи";"нарушение_диеты"
"Ел хлопья с молоком за час до сдачи";"нарушение_диеты"
"Выпил лоперамид";"прием_лекарств"
"Извините, я выпил коэнзим q10";"прием_лекарств"
"Съел банан";"нарушение_диеты"
"Принимаю принимал аспирин кардио постоянно";"прием_лекарств"
"Ел блинчики с мясом перед анализом";"нарушение_диеты"
"Принимала витамины с железом перед анализом";"прием_лекарств"
"Случайно съел бутерброд с колбасой";"нарушение_диеты"
"Ел гречку с маслом перед анализом";"нарушение_диеты"
"Можно ли, если я пил компот?";"нарушение_диеты"
"Я нарушил диету: пил компот из вишни";"нарушение_диеты"
"Выпил лоперамид вчера вечером";"прием_лекарств"
"Ел рис с рыбой перед анализом";"нарушение_диеты"
"Пью таблетки от простатита вчера вечером";"прием_лекарств"
"Случайно съел панкейк с мёдом";"нарушение_диеты"
"Случайно употребил алкоголь накануне";"нарушение_диеты"
"Выпил таблетку от бессонницы перед анализом";"прием_лекарств"
"Я ел бутерброд с колбасой";"нарушение_диеты"
"Съел коржик утром";"нарушение_диеты"
"Пил травяной чай с мёдом, это нормально?";"нарушение_диеты"
"Принимал фенибут, это нормально?";"прием_лекарств"
"Я ел сырник";"нарушение_диеты"
"Пил матча латте, это нормально?";"нарушение_диеты"
"Пил морс";"нарушение_диеты"
"Пил травяной чай с мёдом за час до сдачи";"нарушение_диеты"
"Извините, я выпил отхаркивающее";"прием_лекарств"
"Выпил тоник, это нормально?";"нарушение_диеты"
"Съел орешки утром";"нарушение_диеты"
"Принимаю пью мильгамму постоянно";"прием_лекарств"
"Пью противодиабетические средства";"прием_лекарств"
"Случайно ел блинчики с мясом";"нарушение_диеты"
"Ой, я пил чай с сахаром утром, это плохо?";"нарушение_диеты"
"Выпил таблетку от аллергии вчера вечером";"прием_лекарств"
"Принимаю пью противодиабетические средства постоянно";"прием_лекарств"
"Съел плюшку натощак";"нарушение_диеты"
"Пью тироксин вчера вечером";"прием_лекарств"
"Извините, я выпил феназепам";"прием_лекарств"
"Принимал уролесан утром";"прием_лекарств"
"Выпил анальгин утром";"прием_лекарств"
"Извините, я принимал преднизолон";"прием_лекарств"
"Извините, я принимал нейролептики";"прием_лекарств"
"Извините, я пил чай с молоком и сахаром";"нарушение_диеты"
"Выпил сокосодержащий напиток перед анализом";"нарушение_диеты"
"Принимал антибиотики вчера";"прием_лекарств"
"Пью оральные контрацептивы утром";"прием_лекарств"
"Съел творог перед анализом";"нарушение_диеты"
"Можно ли, если я выпил супрастин?";"прием_лекарств"
"Извините, я принимал кеторол";"прием_лекарств"
"Ел мюсли с молоком утром";"нарушение_диеты"
"Случайно выпил принимал бифидобактерии";"прием_лекарств"
"Пью антидепрессанты ежедневно перед анализом";"прием_лекарств"
"Ел овсяную кашу с сахаром утром";"нарушение_диеты"
"Употребил алкоголь накануне, это нормально?";"нарушение_диеты"
"Я принимал выпил лекарство от кашля";"прием_лекарств"
"Я нарушил диету: ел манную кашу";"нарушение_диеты"
"Принимаю БАДы с железом перед анализом";"прием_лекарств"
"Ой, я ел салат оливье на ночь, это плохо?";"нарушение_диеты"
"Извините, я пил горячий шоколад";"нарушение_диеты"
"Извините, я принимал антибиотик амоксициллин";"прием_лекарств"
"Съел йогурт перед анализом";"нарушение_диеты"
"Выпил тоник";"нарушение_диеты"
"Пью лекарства для щитовидной железы накануне";"прием_лекарств"
"Извините, я пил молочный коктейль с печеньем";"нарушение_диеты"
"Случайно выпил пью спирулину";"прием_лекарств"
"Пил молочный коктейль (я пациент)";"нарушение_диеты"
"Принимаю пью карнитин постоянно";"прием_лекарств"
"Можно ли, если я пил клюквенный морс?";"нарушение_диеты"
"Случайно съел хлеб с маслом и сыром";"нарушение_диеты"
"Пью антикоагулянт варфарин перед анализом";"прием_лекарств"
"Выпил латте";"нарушение_диеты"
"Я нарушил диету: ел фрукты, думая что можно";"нарушение_диеты"
"Выпил какао перед анализом";"нарушение_диеты"
"Съел блин со сгущёнкой утром";"нарушение_диеты"
"Выпил лекарство от кашля утром";"прием_лекарств"
"Ел салат оливье на ночь (я пациент)";"нарушение_диеты"
"Ел овсяную кашу с сахаром утром";"нарушение_диеты"
"Выпил кальций Д3 накануне";"прием_лекарств"
"Случайно выпил выпил спазмалгон";"прием_лекарств"
"Принимал антибиотик амоксициллин";"прием_лекарств"
"Можно ли, если я выпил спрайт и съел чипсы?";"нарушение_диеты"
"Случайно ел суп-пюре";"нарушение_диеты"
"Извините, я пью мильгамму";"прием_лекарств"
"Выпил ренни перед анализом";"прием_лекарств"
"Я л чай с сахаром утром";"нарушение_диеты"
"Можно ли, если я выпил супрастин?";"прием_лекарств"
"Пил газировку утром";"нарушение_диеты"
"Выпил фрэш (я пациент)";"нарушение_диеты"
"Извините, я выпил капучино";"нарушение_диеты"
"Я принимал принимал диклофенак в ампулах";"прием_лекарств"
"Случайно пил газировку";"нарушение_диеты"
"Пил сок прямого отжима";"нарушение_диеты"
"Пью спирулину накануне";"прием_лекарств"
"Принимал антибиотик амоксициллин вчера вечером";"прием_лекарств"
"Можно ли, если я выпил кальций д3?";"прием_лекарств"
"Ел салат из свеклы";"нарушение_диеты"
"Пью сердечный препарат перед анализом";"прием_лекарств"
"Выпил каптоприл, это нормально?";"прием_лекарств"
"Выпил супрастин вчера вечером";"прием_лекарств"
"Извините, я пью тироксин";"прием_лекарств"
"Пил лимонад перед анализом";"нарушение_диеты"
"Ел пиццу накануне (я пациент)";"нарушение_диеты"
"Принимаю выпил мексидол постоянно";"прием_лекарств"
"Я принимал пью тироксин";"прием_лекарств"
"Выпил лоратадин";"прием_лекарств"
"Ел гречку с маслом, это нормально?";"нарушение_диеты"
"Съел вафлю с шоколадом перед анализом";"нарушение_диеты"
"Случайно пил кофе без сахара, но всё равно";"нарушение_диеты"
"Пил клюквенный морс за час до сдачи";"нарушение_диеты"
"Ой, я пил каркаде, это плохо?";"нарушение_диеты"
"Съел бутерброд (я пациент)";"нарушение_диеты"
"Съел сырник";"нарушение_диеты"
"Пил томатный сок (я пациент)";"нарушение_диеты"
"Пью гормональные таблетки накануне";"прием_лекарств"
"Можно ли, если я принимал противогрибковое?";"прием_лекарств"
"Доктор, я пью противовоспалительное, это не повлияет?";"прием_лекарств"
"Можно ли, если я выпил американо?";"нарушение_диеты"
"Выпил фрэш за час до сдачи";"нарушение_диеты"
"Извините, я принимал метформин";"прием_лекарств"
"Извините, я пью иммуномодуляторы";"прием_лекарств"
"Извините, я съел бутерброд";"нарушение_диеты"
"Ел фрукты, думая что можно (я пациент)";"нарушение_диеты"
"Извините, я принимал диклофенак в ампулах";"прием_лекарств"
"Съел орешки (я пациент)";"нарушение_диеты"
"Позавтракал перед походом в лабораторию за час до сдачи";"нарушение_диеты"
"Пью иммуномодуляторы накануне";"прием_лекарств"
"Принимал диклофенак для суставов утром";"прием_лекарств"
"Случайно выпил принимал преднизолон";"прием_лекарств"
"Случайно ел жареную картошку";"нарушение_диеты"
"Извините, я пил чай с молоком и сахаром";"нарушение_диеты"
"Выпил анальгин вчера вечером";"прием_лекарств"
"Случайно ел салат оливье на ночь";"нарушение_диеты"
"Ой, я пил бабл чай, это плохо?";"нарушение_диеты"
"Ел кускус";"нарушение_диеты"
"Извините, я пью противоэпилептические";"прием_лекарств"
"Съел вафлю с шоколадом, это нормально?";"нарушение_диеты"
"Можно ли, если я ел овсяную кашу с сахаром?";"нарушение_диеты"
"Пью таблетки от простатита накануне";"прием_лекарств"
"Принимал противогрибковое утром";"прием_лекарств"
"Выпил энергетик (я пациент)";"нарушение_диеты"
"Принимал антикоагулянты накануне";"прием_лекарств"
"Пил травяной чай с мёдом натощак";"нарушение_диеты"
"Случайно ел жареную картошку";"нарушение_диеты"
"Можно ли, если я принимал уролесан?";"прием_лекарств"
"Пью антикоагулянт варфарин вчера вечером";"прием_лекарств"
"Пью тетрациклиновую мазь вчера вечером";"прием_лекарств"
"Пью гипотензивные утром";"прием_лекарств"
"Доктор, я принимал бифидобактерии, это не повлияет?";"прием_лекарств"
"Случайно выпил принимал метформин";"прием_лекарств"
"Пил каркаде (я пациент)";"нарушение_диеты"
"Пью статины постоянно утром";"прием_лекарств"
"Съел банан";"нарушение_диеты"
"Пью адаптол утром";"прием_лекарств"
"Пил латте с сиропом";"нарушение_диеты"
"Ел шоколадку натощак за час до сдачи";"нарушение_диеты"
"Доктор, я выпил спазмалгон, это не повлияет?";"прием_лекарств"
"Случайно выпил принимаю бады с железом";"прием_лекарств"
"Доктор, я выпил свечи с папаверином, это не повлияет?";"прием_лекарств"
"Пил лимонад перед анализом";"нарушение_диеты"
"Принимал метформин вчера вечером";"прием_лекарств"
"Выпил супрадин";"прием_лекарств"
"Случайно выпил пью сердечный препарат";"прием_лекарств"
"Выпил таблетку от бессонницы, это нормально?";"прием_лекарств"
"Выпил таблетку от бессонницы утром";"прием_лекарств"
"Выпил ренни вчера вечером";"прием_лекарств"
"Выпил лоратадин утром";"прием_лекарств"
"Доктор, я пил антацид от изжоги, это не повлияет?";"прием_лекарств"
"Пью контрацептивы вчера вечером";"прием_лекарств"
"Выпил сокосодержащий напиток утром";"нарушение_диеты"
"Можно ли, если я принимал сорбенты перед анализом?";"прием_лекарств"
"Я принимал принимал альмагель вчера";"прием_лекарств"
"Выпил колу перед анализом";"нарушение_диеты"
"Можно ли, если я выпил таблетку от аллергии?";"прием_лекарств"
"Съел сырник";"нарушение_диеты"
"Пил каркаде";"нарушение_диеты"
"Я пил американо";"нарушение_диеты"
"Я принимал принимал циклоферон";"прием_лекарств"
"Случайно выпил принимал омез";"прием_лекарств"
"Пью антиаритмические перед анализом";"прием_лекарств"
"Можно ли, если я ел мюсли с молоком?";"нарушение_диеты"
"Выпил лекарство от кашля перед анализом";"прием_лекарств"
"Я принимал принимал антикоагулянты";"прием_лекарств"
"Ел рис с рыбой перед анализом";"нарушение_диеты"
"Случайно съел блин со сгущёнкой";"нарушение_диеты"
"Случайно выпил пью сердечный препарат";"прием_лекарств"
"Можно ли, если я плотно поужинал поздно ночью?";"нарушение_диеты"
"Ой, я ел блинчики с мясом, это плохо?";"нарушение_диеты"
"Пью статины постоянно утром";"прием_лекарств"
"Ел фрукты, думая что можно";"нарушение_диеты"
"Я принимал принимал бифидобактерии";"прием_лекарств"
"Принимал метформин вчера вечером";"прием_лекарств"
"Принимаю принимал антибиотики вчера постоянно";"прием_лекарств"
"Можно ли, если я ел салат оливье на ночь?";"нарушение_диеты"
"Выпил какао натощак";"нарушение_диеты"
"Я нарушил диету: пил зелёный чай с сахаром";"нарушение_диеты"
"Случайно выпил принимал диклофенак для суставов";"прием_лекарств"
"Случайно съел суши";"нарушение_диеты"
"Пью клоназепам, это нормально?";"прием_лекарств"
"Принимал элевит утром";"прием_лекарств"
"Съел сэндвич, это нормально?";"нарушение_диеты"
"Ел омлет натощак";"нарушение_диеты"
"Пил горячий шоколад утром";"нарушение_диеты"
"Выпил супрастин накануне";"прием_лекарств"
"Я принимал пью иммуномодуляторы";"прием_лекарств"
"Случайно пил молочный коктейль";"нарушение_диеты"
"Пил молочный коктейль с печеньем, это нормально?";"нарушение_диеты"
"Извините, я пил антацид от изжоги";"прием_лекарств"
"Пью омега-3, это нормально?";"прием_лекарств"
"Выпил капучино (я пациент)";"нарушение_диеты"
"Извините, я съел панкейк с мёдом";"нарушение_диеты"
"Извините, я съел орешки";"нарушение_диеты"
"Ой, я пил ромашковый чай с сахаром, это плохо?";"нарушение_диеты"
"Позавтракал перед походом в лабораторию утром";"нарушение_диеты"
"Доктор, я принимал сорбенты перед анализом, это не повлияет?";"прием_лекарств"
"Ел блинчики с мясом перед анализом";"нарушение_диеты"
"Выпил мочегонное средство накануне";"прием_лекарств"
"Выпил таблетку от давления утром";"прием_лекарств"
"Принимал уролесан перед анализом";"прием_лекарств"
"Извините, я пил зелёный чай с сахаром";"нарушение_диеты"
"Принимаю пью таблетки от простатита постоянно";"прием_лекарств"
"Принимаю принимал колдрекс постоянно";"прием_лекарств"
"Извините, я выпил супрадин";"прием_лекарств"
"Пью витамин D ежедневно утром";"прием_лекарств"
"Можно ли, если я выпил сокосодержащий напиток?";"нарушение_диеты"
"Я нарушил диету: выпил тархун";"нарушение_диеты"
"Можно ли, если я пью витамин d ежедневно?";"прием_лекарств"
"Принимал диклофенак в ампулах утром";"прием_лекарств"
"Я л тёплое молоко";"нарушение_диеты"
"Можно ли, если я ел творожную запеканку?";"нарушение_диеты"
"Принимаю принимал противогрибковое постоянно";"прием_лекарств"
"Принимаю принимал противогрибковое постоянно";"прием_лекарств"
"Выпил тантум верде перед анализом";"прием_лекарств"
"Я нарушил диету: ел рис с рыбой";"нарушение_диеты"
"Я принимал выпил аспирин накануне";"прием_лекарств"
"Можно ли, если я выпил спрайт?";"нарушение_диеты"
"Можно ли, если я принимал диклофенак в ампулах?";"прием_лекарств"
"Ел салат оливье на ночь";"нарушение_диеты"
"Выпил латте";"нарушение_диеты"
"Доктор, я пью лекарства для щитовидной железы, это не повлияет?";"прием_лекарств"
"Позавтракал кашей за час до сдачи";"нарушение_диеты"
"Выпил отхаркивающее утром";"прием_лекарств"
"Пью адаптол утром";"прием_лекарств"
"Я принимал принимала витамины с железом";"прием_лекарств"
"Съел орешки (я пациент)";"нарушение_диеты"
"Выпил лекарство от кашля утром";"прием_лекарств"
"Случайно выпил пью тетрациклиновую мазь";"прием_лекарств"
"Можно ли, если я выпил анальгин?";"прием_лекарств"
"Выпил свечи с папаверином утром";"прием_лекарств"
"Пил кофе с молоком";"нарушение_диеты"
"Извините, я съел бутерброд с колбасой";"нарушение_диеты"
"Я нарушил диету: пил чай с молоком и сахаром";"нарушение_диеты"
"Пью статины постоянно перед анализом";"прием_лекарств"
"Пью антиретровирусные вчера вечером";"прием_лекарств"
"Ел пиццу накануне перед анализом";"нарушение_диеты"
"Ел салат из свеклы натощак";"нарушение_диеты"
"Пью антиретровирусные";"прием_лекарств"
"Случайно выпил айран";"нарушение_диеты"
"Принимаю БАДы с железом накануне";"прием_лекарств"
"Случайно выпил спрайт";"нарушение_диеты"
"Принимал кеторол вчера вечером";"прием_лекарств"
"Доктор, я пью канефрон, это не повлияет?";"прием_лекарств"
"Можно ли, если я съел банан?";"нарушение_диеты"
"Ой, я съел блин со сгущёнкой, это плохо?";"нарушение_диеты"
"Принимал диклофенак для суставов вчера вечером";"прием_лекарств"
"Выпил айран перед анализом";"нарушение_диеты"
"Можно ли, если я позавтракал кашей?";"нарушение_диеты"
"Я выпил кофе перед сдачей крови, это нормально?";"нарушение_диеты"
"Извините, я пил сок прямого отжима";"нарушение_диеты"
"Съел мороженое (я пациент)";"нарушение_диеты"
"Выпил гранатовый сок за час до сдачи";"нарушение_диеты"
"Случайно выпил выпил экстракт валерианы";"прием_лекарств"
"Случайно ел пасту на ужин";"нарушение_диеты"
"Доктор, я принимал противогрибковое, это не повлияет?";"прием_лекарств"
"Случайно выпил пью антиретровирусные";"прием_лекарств"
"Ел чипсы, это нормально?";"нарушение_диеты"
"Случайно выпил принимал кардиомагнил";"прием_лекарств"
"Я нарушил диету: съел блин со сгущёнкой";"нарушение_диеты"
"Я нарушил диету: выпил смузи";"нарушение_диеты"
"Принимал антигистаминные вчера";"прием_лекарств"
"Пью клоназепам вчера вечером";"прием_лекарств"
"Выпил энтеросгель накануне";"прием_лекарств"
"Ой, я ел гречку с маслом, это плохо?";"нарушение_диеты"
"Съел панкейк с мёдом перед анализом";"нарушение_диеты"
"Пью антиретровирусные утром";"прием_лекарств"
"Случайно пил латте с сиропом";"нарушение_диеты"
"Пью иммуномодуляторы";"прием_лекарств"
"Принимал преднизолон, это нормально?";"прием_лекарств"
"Выпил успокоительное на ночь, это нормально?";"прием_лекарств"
"Я принимал пью препараты от эпилепсии";"прием_лекарств"
"Я принимал пью антиаритмические";"прием_лекарств"
"Я принимал выпил феназепам";"прием_лекарств"
"Ой, я пил компот из вишни, это плохо?";"нарушение_диеты"
"Я принимал принимал аспирин кардио";"прием_лекарств"
"Выпил но-шпу";"прием_лекарств"
"Я л томатный сок";"нарушение_диеты"
"Пил чай с молоком и сахаром (я пациент)";"нарушение_диеты"
"Пил зелёный чай с сахаром перед анализом";"нарушение_диеты"
"Выпил кефир";"нарушение_диеты"
"Выпил стакан апельсинового сока натощак";"нарушение_диеты"
"Выпил спрайт и съел чипсы утром";"нарушение_диеты"
"Выпил фрэш за час до сдачи";"нарушение_диеты"
"Принимаю выпил анальгин постоянно";"прием_лекарств"
"Я принимал пил антацид от изжоги";"прием_лекарств"
"Выпил стакан апельсинового сока (я пациент)";"нарушение_диеты"
"Можно ли, если я я выпил кофе перед сдачей крови?";"нарушение_диеты"
"Я л матча латте";"нарушение_диеты"
"Извините, я съел блин со сгущёнкой";"нарушение_диеты"
"Можно ли, если я ел мюсли с молоком?";"нарушение_диеты"
"Принимал аспирин кардио вчера вечером";"прием_лекарств"
"Принимаю пью клоназепам постоянно";"прием_лекарств"
"Извините, я съел банан";"нарушение_диеты"
"Пил ромашковый чай с сахаром (я пациент)";"нарушение_диеты"
"Выпил аспирин накануне накануне";"прием_лекарств"
"Принимал нейролептики перед анализом";"прием_лекарств"
"Принимал циклоферон перед анализом";"прием_лекарств"
"Принимал антикоагулянты вчера вечером";"прием_лекарств"
"Принимал диклофенак в ампулах перед анализом";"прием_лекарств"
"Извините, я ел рис с рыбой";"нарушение_диеты"
"Принимаю принимал аспирин кардио постоянно";"прием_лекарств"
"Я принимал пью оральные контрацептивы";"прием_лекарств"
"Можно ли, если я принимал сорбенты перед анализом?";"прием_лекарств"
"Извините, я принимал омепразол утром";"прием_лекарств"
"Я нарушил диету: пил молочный коктейль";"нарушение_диеты"
"Пил чай с молоком и сахаром перед анализом";"нарушение_диеты"
"Я  шоколадку натощак";"нарушение_диеты"
"Я нарушил диету: съел орешки";"нарушение_диеты"
"Выпил спрайт и съел чипсы натощак";"нарушение_диеты"
"Ой, я выпил айран, это плохо?";"нарушение_диеты"
"Пью карнитин вчера вечером";"прием_лекарств"
"Выпил ренни вчера вечером";"прием_лекарств"
"Принимал верошпирон, это нормально?";"прием_лекарств"
"Пил горячий шоколад натощак";"нарушение_диеты"
"Случайно выпил принимал бифидобактерии";"прием_лекарств"
"Выпил анальгин утром";"прием_лекарств"
"Случайно выпил принимал элевит";"прием_лекарств"
"Можно ли, если я пью карнитин?";"прием_лекарств"
"Я принимал принимал магний b6";"прием_лекарств"
"Извините, я пил антацид от изжоги";"прием_лекарств"
"Можно ли, если я выпил капучино?";"нарушение_диеты"
"Извините, я ел жареную картошку";"нарушение_диеты"
"Принимаю выпил коэнзим q10 постоянно";"прием_лекарств"
"Выпил спазмалгон утром";"прием_лекарств"
"Съел банан, это нормально?";"нарушение_диеты"
"Я л компот из вишни";"нарушение_диеты"
"Принимал антикоагулянты утром";"прием_лекарств"
"Пью статины постоянно перед анализом";"прием_лекарств"
"Можно ли, если я выпил энергетик?";"нарушение_диеты"
"Выпил колу за час до сдачи";"нарушение_диеты"
"Ой, я съел булочку, это плохо?";"нарушение_диеты"
"Пью противоэпилептические перед анализом";"прием_лекарств"
"Случайно выпил выпил таблетку от аллергии";"прием_лекарств"
"Случайно ел кускус";"нарушение_диеты"
"Принимал элевит накануне";"прием_лекарств"
"Я нарушил диету: съел орешки";"нарушение_диеты"
"Ой, я ел чипсы, это плохо?";"нарушение_диеты"
"Извините, я выпил лоратадин";"прием_лекарств"
"Извините, я пью антидепрессанты ежедневно";"прием_лекарств"
"Съел печенье натощак";"нарушение_диеты"
"Принимаю пью контрацептивы постоянно";"прием_лекарств"
"Ел пиццу накануне, это нормально?";"нарушение_диеты"
"Я пил капучино";"нарушение_диеты"
"Можно ли, если я выпил латте?";"нарушение_диеты"
"Я нарушил диету: пил латте с сиропом";"нарушение_диеты"
"Извините, я пью клоназепам";"прием_лекарств"
"Выпил какао с зефиром натощак";"нарушение_диеты"
"Пью препараты железа";"прием_лекарств"
"Случайно выпил пью адаптол";"прием_лекарств"
"Я принимал выпил лоратадин";"прием_лекарств"
"Доктор, я пью противовоспалительное, это не повлияет?";"прием_лекарств"
"Выпил тантум верде утром";"прием_лекарств"
"Можно ли, если я пью мильгамму?";"прием_лекарств"
"Пил чай с молоком и сахаром натощак";"нарушение_диеты"
"Съел коржик";"нарушение_диеты"
"Принимаю выпил таблетку от бессонницы постоянно";"прием_лекарств"
"Я нарушил диету: выпил газировку с красителями";"нарушение_диеты"
"Можно ли, если я выпил стакан апельсинового сока?";"нарушение_диеты"
"Можно ли, если я ел омлет?";"нарушение_диеты"
"Пил травяной чай с мёдом";"нарушение_диеты"
"Пил газировку (я пациент)";"нарушение_диеты"
"Принимаю принимал альмагель вчера постоянно";"прием_лекарств"
"Принимаю выпил мексидол постоянно";"прием_лекарств"
"Принимал уролесан перед анализом";"прием_лекарств"
"Я принимал принимал вольтарен гель";"прием_лекарств"
"Случайно выпил пью сердечный препарат";"прием_лекарств"
"Принимаю пью лекарства для щитовидной железы постоянно";"прием_лекарств"
"Выпил тоник (я пациент)";"нарушение_диеты"
"Принимал миорелаксант накануне";"прием_лекарств"
"Принимаю пью лекарства для щитовидной железы постоянно";"прием_лекарств"
"Пью оральные контрацептивы";"прием_лекарств"
"Принимаю принимал сорбенты перед анализом постоянно";"прием_лекарств"
"Выпил кефир за час до сдачи";"нарушение_диеты"
"Извините, я пью клоназепам";"прием_лекарств"
"Извините, я пью антикоагулянт варфарин";"прием_лекарств"
"Принимаю пью витамин d ежедневно постоянно";"прием_лекарств"
"Принимал верошпирон вчера вечером";"прием_лекарств"
"Принимаю пью противодиабетические средства постоянно";"прием_лекарств"
"Случайно ел блинчики с мясом";"нарушение_диеты"
"Принимал антикоагулянты утром";"прием_лекарств"
"Выпил сокосодержащий напиток (я пациент)";"нарушение_диеты"
"Съел пирожок за час до сдачи";"нарушение_диеты"
"Пил ягодный смузи, это нормально?";"нарушение_диеты"
"Извините, я съел вафлю с шоколадом";"нарушение_диеты"
"Пил компот из вишни (я пациент)";"нарушение_диеты"
"Перекусил печеньем (я пациент)";"нарушение_диеты"
"Можно ли, если я выпил кефир?";"нарушение_диеты"
"Ой, я пил латте с сиропом, это плохо?";"нарушение_диеты"
"Можно ли, если я пил компот из вишни?";"нарушение_диеты"
"Пью антиаритмические вчера вечером";"прием_лекарств"
"Ой, я съел бургер, это плохо?";"нарушение_диеты"
"Пил горячий шоколад, это нормально?";"нарушение_диеты"
"Выпил американо перед анализом";"нарушение_диеты"
"Пил каркаде натощак";"нарушение_диеты"
"Я принимал принимал диклофенак в ампулах";"прием_лекарств"
"Съел бургер перед анализом";"нарушение_диеты"
"Ой, я выпил энергетик, это плохо?";"нарушение_диеты"
"Принимал противогрибковое накануне";"прием_лекарств"
"Ел блинчики с мясом перед анализом";"нарушение_диеты"
"Доктор, я принимал сорбенты перед анализом, это не повлияет?";"прием_лекарств"
"Я нарушил диету: ел драники";"нарушение_диеты"
"Пью гормональные таблетки накануне";"прием_лекарств"
"Извините, я пью тетрациклиновую мазь";"прием_лекарств"
"Пью сердечный препарат перед анализом";"прием_лекарств"
"Пил бабл чай, это нормально?";"нарушение_диеты"
"Пью гормональные таблетки, это нормально?";"прием_лекарств"
"Ел творожную запеканку перед анализом";"нарушение_диеты"
"Принимаю пью препараты от эпилепсии постоянно";"прием_лекарств"
"Выпил ряженку утром";"нарушение_диеты"
"Пил бабл чай перед анализом";"нарушение_диеты"
"Я нарушил диету: съел сушку с маком";"нарушение_диеты"
"Принимал фенибут перед анализом";"прием_лекарств"
"Случайно выпил пью спирулину";"прием_лекарств"
"Принимаю пью контрацептивы постоянно";"прием_лекарств"
"Можно ли, если я пью противодиабетические средства?";"прием_лекарств"
"Выпил супрадин утром";"прием_лекарств"
"Ел блинчики с мясом перед анализом";"нарушение_диеты"
"Случайно ел пиццу накануне";"нарушение_диеты"
"Выпил колу (я пациент)";"нарушение_диеты"
"Пил томатный сок, это нормально?";"нарушение_диеты"
"Пил ягодный смузи натощак";"нарушение_диеты"
"Я  шоколадку натощак";"нарушение_диеты"
"Выпил кефир перед анализом";"нарушение_диеты"
"Выпил коэнзим Q10 накануне";"прием_лекарств"
"Пью противодиабетические средства, это нормально?";"прием_лекарств"
"Выпил спазмоветрин утром";"прием_лекарств"
"Доктор, я выпил таблетку от тошноты, это не повлияет?";"прием_лекарств"
"Извините, я выпил спазмоветрин";"прием_лекарств"
"Выпил тархун перед анализом";"нарушение_диеты"
"Принимаю пью спирулину постоянно";"прием_лекарств"
"Я л молочный коктейль с печеньем";"нарушение_диеты"
"Выпил капучино (я пациент)";"нарушение_диеты"
"Я л матча латте";"нарушение_диеты"
"Ой, я съел сырник, это плохо?";"нарушение_диеты"
"Ел жареную картошку";"нарушение_диеты"
"Ел блинчики с мясом утром";"нарушение_диеты"
"Съел мороженое натощак";"нарушение_диеты"
"Можно ли, если я выпил кефир?";"нарушение_диеты"
"Извините, я принимал обезболивающее на ночь";"прием_лекарств"
"Пил клюквенный морс перед анализом";"нарушение_диеты"
"Ел манную кашу";"нарушение_диеты"
"Принимаю принимал диклофенак в ампулах постоянно";"прием_лекарств"
"Доктор, я принимал миорелаксант, это не повлияет?";"прием_лекарств"
"Случайно выпил принимал пикамилон";"прием_лекарств"
"Съел панкейк с мёдом за час до сдачи";"нарушение_диеты"
"Съел хлеб с маслом и сыром натощак";"нарушение_диеты"
"Случайно выпил смузи";"нарушение_диеты"
"Выпил таблетку от аллергии, это нормально?";"прием_лекарств"
"Доктор, я принимал пикамилон, это не повлияет?";"прием_лекарств"
"Пил газировку";"нарушение_диеты"
"Можно ли, если я принимал обезболивающее на ночь?";"прием_лекарств"
"Выпил гранатовый сок";"нарушение_диеты"
"Принимал кардиомагнил вчера вечером";"прием_лекарств"
"Я принимал пью антидепрессанты ежедневно";"прием_лекарств"
"Пил компот из вишни утром";"нарушение_диеты"
"Можно ли, если я выпил коэнзим q10?";"прием_лекарств"
"Ой, я пил горячий шоколад, это плохо?";"нарушение_диеты"
"Съел панкейк с мёдом натощак";"нарушение_диеты"
"Ел гречку с маслом (я пациент)";"нарушение_диеты"
"Можно ли, если я пью сердечный препарат?";"прием_лекарств"
"Пью сердечный препарат";"прием_лекарств"
"Пил матча латте";"нарушение_диеты"
"Случайно пил сок прямого отжима";"нарушение_диеты"
"Извините, я выпил таблетку от бессонницы";"прием_лекарств"
"Принимала витамины с железом накануне";"прием_лекарств"
"Можно ли, если я пью клоназепам?";"прием_лекарств"
"Принимал диклофенак в ампулах перед анализом";"прием_лекарств"
"Доктор, я выпил спазмалгон, это не повлияет?";"прием_лекарств"
"Случайно выпил пил антацид от изжоги";"прием_лекарств"
"Выпил экстракт валерианы, это нормально?";"прием_лекарств"
"Выпил но-шпу, это нормально?";"прием_лекарств"
"Можно ли, если я пью контрацептивы?";"прием_лекарств"
"Случайно выпил пью противодиабетические средства";"прием_лекарств"
"Ел драники перед анализом";"нарушение_диеты"
"Я пил айран";"нарушение_диеты"
"Принимаю пью противовоспалительное постоянно";"прием_лекарств"
"Я л бабл чай";"нарушение_диеты"
"Я принимал выпил кальций д3";"прием_лекарств"
"Съел яблоко за час до анализа перед анализом";"нарушение_диеты"
"Выпил тархун перед анализом";"нарушение_диеты"
"Пью тетрациклиновую мазь накануне";"прием_лекарств"
"Я ел бутерброд с колбасой";"нарушение_диеты"
"Принимаю пью клоназепам постоянно";"прием_лекарств"
"Доктор, я принимал бифидобактерии, это не повлияет?";"прием_лекарств"
"Выпил тантум верде утром";"прием_лекарств"
"Ел фрукты, думая что можно перед анализом";"нарушение_диеты"
"Пью лекарства для щитовидной железы, это нормально?";"прием_лекарств"
"Выпил американо";"нарушение_диеты"
"Пью лекарства для щитовидной железы накануне";"прием_лекарств"
"Съел хлеб с маслом и сыром перед анализом";"нарушение_диеты"
"Пил каркаде натощак";"нарушение_диеты"
"Случайно выпил пил антацид от изжоги";"прием_лекарств"
"Случайно пил компот из вишни";"нарушение_диеты"
"Ой, я пил газировку, это плохо?";"нарушение_диеты"
"Я л лимонад";"нарушение_диеты"
"Принимал верошпирон, это нормально?";"прием_лекарств"
"Съел йогурт перед анализом";"нарушение_диеты"
"Пил молочный коктейль с печеньем натощак";"нарушение_диеты"
"Пью оральные контрацептивы накануне";"прием_лекарств"
"Пил томатный сок утром";"нарушение_диеты"
"Случайно выпил тархун";"нарушение_диеты"
"Выпил таблетку от давления утром перед анализом";"прием_лекарств"
"Ел салат из свеклы за час до сдачи";"нарушение_диеты"
"Можно ли, если я выпил таблетку от тошноты?";"прием_лекарств"
"Выпил лоперамид";"прием_лекарств"
"Можно ли, если я выпил сокосодержащий напиток?";"нарушение_диеты"
"Случайно ел фрукты, думая что можно";"нарушение_диеты"
"Принимал метформин перед анализом";"прием_лекарств"
"Принимаю пью антиаритмические постоянно";"прием_лекарств"
"Извините, я пью противодиабетические средства";"прием_лекарств"
"Извините, я выпил тантум верде";"прием_лекарств"
"Выпил какао перед анализом";"нарушение_диеты"
"Съел банан натощак";"нарушение_диеты"
"Можно ли, если я выпил таблетку от давления утром?";"прием_лекарств"
"Доктор, я выпил кальций д3, это не повлияет?";"прием_лекарств"
"Выпил спазмалгон накануне";"прием_лекарств"
"Пил имбирный чай с сахаром утром";"нарушение_диеты"
"Можно ли, если я пил чай с сахаром утром?";"нарушение_диеты"
"Принимал уролесан вчера вечером";"прием_лекарств"
"Пью оральные контрацептивы, это нормально?";"прием_лекарств"
"Доктор, я выпил отхаркивающее, это не повлияет?";"прием_лекарств"
"Ой, я съел йогурт, это плохо?";"нарушение_диеты"
"Извините, я съел йогурт";"нарушение_диеты"
"Выпил кальций Д3 утром";"прием_лекарств"
"Я нарушил диету: пил компот из вишни";"нарушение_диеты"
"Я ел булочку";"нарушение_диеты"
"Пил чай с молоком и сахаром";"нарушение_диеты"
"Выпил таблетку от давления утром";"прием_лекарств"
"Выпил спрайт и съел чипсы натощак";"нарушение_диеты"
"Пью антиретровирусные, это нормально?";"прием_лекарств"
"Принимал верошпирон утром";"прием_лекарств"
"Пью препараты железа накануне";"прием_лекарств"
"Пью противовоспалительное";"прием_лекарств"
"Пью таблетки от простатита вчера вечером";"прием_лекарств"
"Извините, я пил горячий шоколад";"нарушение_диеты"
"Ел овсяную кашу с сахаром, это нормально?";"нарушение_диеты"
"Случайно выпил ряженку";"нарушение_диеты"
"Доктор, я принимал омепразол утром, это не повлияет?";"прием_лекарств"
"Доктор, я принимал фенибут, это не повлияет?";"прием_лекарств"
"Принимаю выпил таблетку от тошноты постоянно";"прием_лекарств"
"Выпил анальгин утром";"прием_лекарств"
"Извините, я пью канефрон";"прием_лекарств"
"Съел суши перед анализом";"нарушение_диеты"
"Извините, я принимал фенибут";"прием_лекарств"
"Ой, я съел плюшку, это плохо?";"нарушение_диеты"
"Принимаю пью антиаритмические постоянно";"прием_лекарств"
"Можно ли, если я выпил лоратадин?";"прием_лекарств"
"Съел сэндвич";"нарушение_диеты"
"Доктор, я пью противовоспалительное, это не повлияет?";"прием_лекарств"
"Извините, я выпил тоник";"нарушение_диеты"
"Пью гипотензивные перед анализом";"прием_лекарств"
"Выпил мексидол вчера вечером";"прием_лекарств"
"Ел шоколадку натощак";"нарушение_диеты"
"Принимал нейролептики";"прием_лекарств"
"Выпил супрадин";"прием_лекарств"
"Выпил тоник, это нормально?";"нарушение_диеты"
"Съел пирожок перед анализом";"нарушение_диеты"
"Я нарушил диету: выпил тархун";"нарушение_диеты"
"Принимал нурофен, это нормально?";"прием_лекарств"
"Извините, я принимаю бады с железом";"прием_лекарств"
"Случайно выпил выпил лоратадин";"прием_лекарств"
"Доктор, я пью слабительное, это не повлияет?";"прием_лекарств"
"Доктор, я выпил таблетку от мигрени, это не повлияет?";"прием_лекарств"
"Случайно плотно поужинал поздно ночью";"нарушение_диеты"
"Выпил жаропонижающее утром";"прием_лекарств"
"Ой, я выпил энергетик без сахара, это плохо?";"нарушение_диеты"
"Извините, я съел булочку";"нарушение_диеты"
"Я выпил кофе перед сдачей крови";"нарушение_диеты"
"Ел фрукты, думая что можно натощак";"нарушение_диеты"
"Можно ли, если я принимал диклофенак в ампулах?";"прием_лекарств"
"Принимал бифидобактерии, это нормально?";"прием_лекарств"
"Извините, я выпил мочегонное средство";"прием_лекарств"
"Можно ли, если я съел яблоко за час до анализа?";"нарушение_диеты"
"Пью витамин D ежедневно, это нормально?";"прием_лекарств"
"Выпил коэнзим Q10 накануне";"прием_лекарств"
"Съел йогурт, это нормально?";"нарушение_диеты"
"Выпил мексидол вчера вечером";"прием_лекарств"
"Принимал преднизолон накануне";"прием_лекарств"
"Случайно выпил пью противоэпилептические";"прием_лекарств"
"Принимал омепразол утром, это нормально?";"прием_лекарств"
"Пил парацетамол от температуры вчера вечером";"прием_лекарств"
"Съел сушку с маком перед анализом";"нарушение_диеты"
"Выпил лекарство от кашля, это нормально?";"прием_лекарств"
"Выпил сокосодержащий напиток утром";"нарушение_диеты"
"Принимал сорбенты перед анализом накануне";"прием_лекарств"
"Принимаю пью мильгамму постоянно";"прием_лекарств"
"Можно ли, если я съел кекс?";"нарушение_диеты"
"Позавтракал перед походом в лабораторию (я пациент)";"нарушение_диеты"
"Случайно выпил выпил ренни";"прием_лекарств"
"Выпил цинк утром";"прием_лекарств"
"Съел хлеб с маслом и сыром (я пациент)";"нарушение_диеты"
"Принимаю пью иммуномодуляторы постоянно";"прием_лекарств"
"Выпил какао с зефиром";"нарушение_диеты"
"Можно ли, если я выпил отхаркивающее?";"прием_лекарств"
"Доктор, я пью противовоспалительное, это не повлияет?";"прием_лекарств"
"Пью противовоспалительное";"прием_лекарств"
"Пью спирулину накануне";"прием_лекарств"
"Выпил супрастин вчера вечером";"прием_лекарств"
"Ой, я съел блин со сгущёнкой, это плохо?";"нарушение_диеты"
"Случайно выпил тоник";"нарушение_диеты"
"Принимал уролесан накануне";"прием_лекарств"
"Принимаю принимал омепразол утром постоянно";"прием_лекарств"
"Извините, я пил травяной чай с мёдом";"нарушение_диеты"
"Извините, я пил молочный коктейль";"нарушение_диеты"
"Ой, я съел банан, это плохо?";"нарушение_диеты"
"Я нарушил диету: выпил смузи";"нарушение_диеты"
"Я нарушил диету: съел сырник";"нарушение_диеты"
"Пил молочный коктейль утром";"нарушение_диеты"
"Я нарушил диету: выпил американо";"нарушение_диеты"
"Ел пиццу накануне утром";"нарушение_диеты"
"Пью противоэпилептические накануне";"прием_лекарств"
"Случайно выпил принимал диклофенак для суставов";"прием_лекарств"
"Доктор, я принимал вольтарен гель, это не повлияет?";"прием_лекарств"
"Пью противоэпилептические перед анализом";"прием_лекарств"
"Пью иммуномодуляторы, это нормально?";"прием_лекарств"
"Доктор, я принимал седативные, это не повлияет?";"прием_лекарств"
"Пью противовоспалительное, это нормально?";"прием_лекарств"
"Выпил гранатовый сок, это нормально?";"нарушение_диеты"
"Принимала витамины с железом перед анализом";"прием_лекарств"
"Выпил фрэш натощак";"нарушение_диеты"
"Случайно выпил принимал диклофенак в ампулах";"прием_лекарств"
"Выпил феназепам утром";"прием_лекарств"
"Принимал циклоферон";"прием_лекарств"
"Пил молочный коктейль с печеньем перед анализом";"нарушение_диеты"
"Выпил лоратадин";"прием_лекарств"
"Пил парацетамол от температуры накануне";"прием_лекарств"
"Ел суп-пюре, это нормально?";"нарушение_диеты"
"Пью мильгамму вчера вечером";"прием_лекарств"
"Случайно выпил выпил цинк";"прием_лекарств"
"Можно ли, если я пил ромашковый чай с сахаром?";"нарушение_диеты"
"Принимал антибиотики вчера перед анализом";"прием_лекарств"
"Доктор, я пью спирулину, это не повлияет?";"прием_лекарств"
"Пью антидепрессанты ежедневно, это нормально?";"прием_лекарств"
"Случайно пил ягодный смузи";"нарушение_диеты"
"Извините, я ел фрукты, думая что можно";"нарушение_диеты"
"Съел коржик утром";"нарушение_диеты"
"Ел овсяную кашу с сахаром за час до сдачи";"нарушение_диеты"
"Ел пиццу накануне (я пациент)";"нарушение_диеты"
"Можно ли, если я принимал антикоагулянты?";"прием_лекарств"
"Извините, я выпил фрэш";"нарушение_диеты"
"Случайно выпил пью слабительное";"прием_лекарств"
"Выпил какао (я пациент)";"нарушение_диеты"
"Извините, я выпил таблетку от тошноты";"прием_лекарств"
"Я нарушил диету: выпил гранатовый сок";"нарушение_диеты"
"Выпил таблетку от давления утром, это нормально?";"прием_лекарств"
"Съел банан натощак";"нарушение_диеты"
"Принимал метформин перед анализом";"прием_лекарств"
"Принимал фенибут";"прием_лекарств"
"Извините, я ел рис с рыбой";"нарушение_диеты"
"Ой, я пил сок прямого отжима, это плохо?";"нарушение_диеты"
"Можно ли, если я принимал антигистаминные вчера?";"прием_лекарств"
"Я нарушил диету: я выпил кофе перед сдачей крови";"нарушение_диеты"
"Перекусил печеньем (я пациент)";"нарушение_диеты"
"Можно ли, если я выпил аспирин накануне?";"прием_лекарств"
"Ой, я выпил ряженку, это плохо?";"нарушение_диеты"
"Я нарушил диету: пил молочный коктейль с печеньем";"нарушение_диеты"
"Пил лимонад за час до сдачи";"нарушение_диеты"
"Пил морс за час до сдачи";"нарушение_диеты"
"Ел мюсли с молоком за час до сдачи";"нарушение_диеты"
"Можно ли, если я пью канефрон?";"прием_лекарств"
"Извините, я выпил гранатовый сок";"нарушение_диеты"
"Я пил какао";"нарушение_диеты"
"Извините, я выпил тархун";"нарушение_диеты"
"Можно ли, если я выпил анальгин?";"прием_лекарств"
"Выпил тархун перед анализом";"нарушение_диеты"
"Выпил спрайт";"нарушение_диеты"
"Можно ли, если я выпил энергетик без сахара?";"нарушение_диеты"
"Я принимал принимал магний b6";"прием_лекарств"
"Принимал антибиотик амоксициллин";"прием_лекарств"
"Ел овсяную кашу с сахаром утром";"нарушение_диеты"
"Выпил таблетку от мигрени, это нормально?";"прием_лекарств"
"Ел жареную картошку перед анализом";"нарушение_диеты"
"Пил компот из вишни, это нормально?";"нарушение_диеты"
"Принимал антигистаминные вчера перед анализом";"прием_лекарств"
"Выпил но-шпу вчера вечером";"прием_лекарств"
"Я пил энергетик без сахара";"нарушение_диеты"
"Я выпил кофе перед сдачей крови (я пациент)";"нарушение_диеты"
"Можно ли, если я принимал антибиотик амоксициллин?";"прием_лекарств"
"Выпил спрайт и съел чипсы перед анализом";"нарушение_диеты"
"Я ел коржик";"нарушение_диеты"
"Принимаю принимал кардиомагнил постоянно";"прием_лекарств"
"Можно ли, если я выпил спазмалгон?";"прием_лекарств"
"Ел суп на завтрак натощак";"нарушение_диеты"
"Извините, я выпил энергетик без сахара";"нарушение_диеты"
"Извините, я выпил сокосодержащий напиток";"нарушение_диеты"
"Я принимал пью антиаритмические";"прием_лекарств"
"Извините, я принимал пикамилон";"прием_лекарств"
"Съел плюшку перед анализом";"нарушение_диеты"
"Ой, я пил молочный коктейль с печеньем, это плохо?";"нарушение_диеты"
"Выпил спазмалгон перед анализом";"прием_лекарств"
"Извините, я принимал альмагель вчера";"прием_лекарств"
"Пью тетрациклиновую мазь утром";"прием_лекарств"
"Пью оральные контрацептивы вчера вечером";"прием_лекарств"
"Ой, я пил лимонад, это плохо?";"нарушение_диеты"
"Съел вафлю с шоколадом перед анализом";"нарушение_диеты"
"Можно ли, если я выпил лекарство от кашля?";"прием_лекарств"
"Принимала витамины с железом накануне";"прием_лекарств"
"Ой, я пил горячий шоколад, это плохо?";"нарушение_диеты"
"Я нарушил диету: пил сок прямого отжима";"нарушение_диеты"
"Принимаю принимал нурофен постоянно";"прием_лекарств"
"Можно ли, если я ел драники?";"нарушение_диеты"
"Выпил американо перед анализом";"нарушение_диеты"
"Можно ли, если я пью противовоспалительное?";"прием_лекарств"
"Принимал колдрекс утром";"прием_лекарств"
"Я принимал принимал нейролептики";"прием_лекарств"
"Пью антибиотик ципрофлоксацин";"прием_лекарств"
"Ой, я пил кофе с молоком, это плохо?";"нарушение_диеты"
"Пью препараты от эпилепсии перед анализом";"прием_лекарств"
"Я принимал выпил феназепам";"прием_лекарств"
"Извините, я ел гречку с маслом";"нарушение_диеты"
"Съел коржик";"нарушение_диеты"
"Случайно съел коржик";"нарушение_диеты"
"Извините, я выпил дротаверин";"прием_лекарств"
"Случайно выпил гранатовый сок";"нарушение_диеты"
"Принимал диклофенак для суставов вчера вечером";"прием_лекарств"
"Случайно выпил айран";"нарушение_диеты"
"Я принимал принимал антикоагулянты";"прием_лекарств"
"Выпил стакан апельсинового сока утром";"нарушение_диеты"
"Можно ли, если я съел банан?";"нарушение_диеты"
"Доктор, я выпил экстракт валерианы, это не повлияет?";"прием_лекарств"
"Извините, я съел чизкейк";"нарушение_диеты"
"Выпил жаропонижающее утром";"прием_лекарств"
"Выпил дротаверин";"прием_лекарств"
"Пью гормональные таблетки";"прием_лекарств"
"Я л сок прямого отжима";"нарушение_диеты"
"Принимаю выпил феназепам постоянно";"прием_лекарств"
"Извините, я ел хлопья с молоком";"нарушение_диеты"
"Пью адаптол, это нормально?";"прием_лекарств"
"Съел сырник утром";"нарушение_диеты"
"Выпил энергетик, это нормально?";"нарушение_диеты"
"Принимал сорбенты перед анализом перед анализом";"прием_лекарств"
"Ой, я съел коржик, это плохо?";"нарушение_диеты"
"Принимал антигистаминные вчера перед анализом";"прием_лекарств"
"Я ел печенье";"нарушение_диеты"
"Я принимал выпил успокоительное на ночь";"прием_лекарств"
"Случайно выпил принимал кардиомагнил";"прием_лекарств"
"Я принимал выпил спазмалгон";"прием_лекарств"
"Выпил спрайт натощак";"нарушение_диеты"
"Принимал обезболивающее на ночь";"прием_лекарств"
"Выпил лоратадин накануне";"прием_лекарств"
"Съел чизкейк за час до сдачи";"нарушение_диеты"
"Извините, я пью лекарства для щитовидной железы";"прием_лекарств"
"Пил ромашковый чай с сахаром за час до сдачи";"нарушение_диеты"
"Пью канефрон, это нормально?";"прием_лекарств"
"Можно ли, если я принимал антикоагулянты?";"прием_лекарств"
"Выпил но-шпу перед анализом";"прием_лекарств"
"Ой, я съел сушку с маком, это плохо?";"нарушение_диеты"
"Принимал бифидобактерии, это нормально?";"прием_лекарств"
"Ой, я съел блин со сгущёнкой, это плохо?";"нарушение_диеты"
"Выпил смузи натощак";"нарушение_диеты"
"Выпил спазмоветрин";"прием_лекарств"
"Принимал сорбенты перед анализом перед анализом";"прием_лекарств"
"Можно ли, если я плотно поужинал поздно ночью?";"нарушение_диеты"
"Ой, я съел печенье, это плохо?";"нарушение_диеты"
"Извините, я пил тёплое молоко";"нарушение_диеты"
"Ой, я пил компот из вишни, это плохо?";"нарушение_диеты"
"Выпил фрэш перед анализом";"нарушение_диеты"
"Выпил лекарство от кашля вчера вечером";"прием_лекарств"
"Я нарушил диету: ел рис с рыбой";"нарушение_диеты"
"Случайно ел пиццу накануне";"нарушение_диеты"
"Съел чизкейк утром";"нарушение_диеты"
"Я пил спрайт";"нарушение_диеты"
"Принимаю пью антидепрессанты ежедневно постоянно";"прием_лекарств"
"Выпил сок из пакета";"нарушение_диеты"
"Пил матча латте натощак";"нарушение_диеты"
"Можно ли, если я выпил таблетку от бессонницы?";"прием_лекарств"
"Съел плюшку перед анализом";"нарушение_диеты"
"Доктор, я принимал антибиотик амоксициллин, это не повлияет?";"прием_лекарств"
"Извините, я выпил спазмалгон";"прием_лекарств"
"Принимал антибиотик амоксициллин, это нормально?";"прием_лекарств"
"Пил зелёный чай с сахаром натощак";"нарушение_диеты"
"Я нарушил диету: пил тёплое молоко";"нарушение_диеты"
"Принимал элевит утром";"прием_лекарств"
"Пью антидепрессант сертралин утром";"прием_лекарств"
"Пил чай с сахаром утром перед анализом";"нарушение_диеты"
"Съел творог, это нормально?";"нарушение_диеты"
"Принимаю пью гипотензивные постоянно";"прием_лекарств"
"Пил клюквенный морс утром";"нарушение_диеты"
"Съел печенье";"нарушение_диеты"
"Выпил кальций Д3 утром";"прием_лекарств"
"Принимаю выпил коэнзим q10 постоянно";"прием_лекарств"
"Я л газировку";"нарушение_диеты"
"Выпил таблетку от аллергии вчера вечером";"прием_лекарств"
"Пью антиаритмические накануне";"прием_лекарств"
"Я принимал принимал аспирин кардио";"прием_лекарств"
"Я выпил кофе перед сдачей крови, это нормально?";"нарушение_диеты"
"Съел сырник, это нормально?";"нарушение_диеты"
"Извините, я пью тироксин";"прием_лекарств"
"Извините, я пью препараты железа";"прием_лекарств"
"Случайно ел творожную запеканку";"нарушение_диеты"
"Можно ли, если я пью контрацептивы?";"прием_лекарств"
"Я л морс";"нарушение_диеты"
"Выпил ренни утром";"прием_лекарств"
"Выпил анальгин утром";"прием_лекарств"
"Выпил американо, это нормально?";"нарушение_диеты"
"Извините, я выпил смузи";"нарушение_диеты"
"Ел суп на завтрак перед анализом";"нарушение_диеты"
"Принимал нурофен вчера вечером";"прием_лекарств"
"Ел кускус";"нарушение_диеты"
"Я принимал пью противовоспалительное";"прием_лекарств"
"Выпил супрастин вчера вечером";"прием_лекарств"
"Принимаю выпил мочегонное средство постоянно";"прием_лекарств"
"Я нарушил диету: съел блин со сгущёнкой";"нарушение_диеты"
"Извините, я съел хлеб с маслом и сыром";"нарушение_диеты"
"Принимал нурофен, это нормально?";"прием_лекарств"
"Пью гормональные таблетки накануне";"прием_лекарств"
"Выпил супрадин вчера вечером";"прием_лекарств"
"Выпил спрайт, это нормально?";"нарушение_диеты"
"Принимаю принимал аспирин кардио постоянно";"прием_лекарств"
"Можно ли, если я ел гречку с маслом?";"нарушение_диеты"
"Ой, я пил компот из вишни, это плохо?";"нарушение_диеты"
"Ой, я выпил ряженку, это плохо?";"нарушение_диеты"
"Принимал кеторол утром";"прием_лекарств"
"Принимал диклофенак для суставов, это нормально?";"прием_лекарств"
"Можно ли, если я принимал седативные?";"прием_лекарств"
"Я нарушил диету: выпил энергетик без сахара";"нарушение_диеты"
"Извините, я ел фрукты, думая что можно";"нарушение_диеты"
"Пил молоко перед анализом за час до сдачи";"нарушение_диеты"
"Выпил ряженку";"нарушение_диеты"
"Случайно пил компот";"нарушение_диеты"
"Ел рис с рыбой (я пациент)";"нарушение_диеты"
"Случайно выпил принимала витамины с железом";"прием_лекарств"
"Выпил тантум верде";"прием_лекарств"
"Выпил аспирин накануне вчера вечером";"прием_лекарств"
"Принимал сорбенты перед анализом";"прием_лекарств"
"Я принимал принимал преднизолон";"прием_лекарств"
"Выпил фрэш за час до сдачи";"нарушение_диеты"
"Выпил смузи перед анализом";"нарушение_диеты"
"Случайно выпил айран";"нарушение_диеты"
"Принимал антигистаминные вчера утром";"прием_лекарств"
"Выпил стакан апельсинового сока, это нормально?";"нарушение_диеты"
"Пил тёплое молоко, это нормально?";"нарушение_диеты"
"Извините, я пил молочный коктейль";"нарушение_диеты"
"Выпил мексидол перед анализом";"прием_лекарств"
"Съел плюшку натощак";"нарушение_диеты"
"Я принимал пью таблетки от простатита";"прием_лекарств"
"Съел бутерброд перед анализом";"нарушение_диеты"
"Я нарушил диету: съел бургер";"нарушение_диеты"
"Принимал антикоагулянты вчера вечером";"прием_лекарств"
"Ел гречку с маслом утром";"нарушение_диеты"
"Ел чипсы, это нормально?";"нарушение_диеты"
"Доктор, я выпил тантум верде, это не повлияет?";"прием_лекарств"
"Случайно выпил выпил таблетку от бессонницы";"прием_лекарств"
"Съел бутерброд с колбасой, это нормально?";"нарушение_диеты"
"Я л кофе без сахара, но всё равно";"нарушение_диеты"
"Ой, я пил компот, это плохо?";"нарушение_диеты"
"Пью гормональные таблетки накануне";"прием_лекарств"
"Выпил капучино, это нормально?";"нарушение_диеты"
"Ой, я пил каркаде, это плохо?";"нарушение_диеты"
"Случайно выпил принимал антибиотики вчера";"прием_лекарств"
"Пью тироксин утром";"прием_лекарств"
"Выпил стакан апельсинового сока утром";"нарушение_диеты"
"Съел панкейк с мёдом натощак";"нарушение_диеты"
"Я нарушил диету: ел пасту на ужин";"нарушение_диеты"
"Съел бутерброд за час до сдачи";"нарушение_диеты"
"Ой, я ел рис с рыбой, это плохо?";"нарушение_диеты"
"Принимаю пью карнитин постоянно";"прием_лекарств"
"Ел драники";"нарушение_диеты"
"Выпил таблетку от мигрени утром";"прием_лекарств"
"Доктор, я принимал антибиотик амоксициллин, это не повлияет?";"прием_лекарств"
"Можно ли, если я ел мюсли с молоком?";"нарушение_диеты"
"Принимал пикамилон перед анализом";"прием_лекарств"
"Я ел сырник";"нарушение_диеты"
"Выпил мочегонное средство накануне";"прием_лекарств"
"Извините, я принимаю бады с железом";"прием_лекарств"
"Извините, я принимал элевит";"прием_лекарств"
"Принимал бифидобактерии накануне";"прием_лекарств"
"Извините, я выпил супрастин";"прием_лекарств"
"Случайно пил молочный коктейль";"нарушение_диеты"
"Я нарушил диету: ел салат оливье на ночь";"нарушение_диеты"
"Доктор, я принимал вольтарен гель, это не повлияет?";"прием_лекарств"
"Выпил тантум верде утром";"прием_лекарств"
"Выпил ряженку утром";"нарушение_диеты"
"Пил антацид от изжоги";"прием_лекарств"
"Принимал антибиотики вчера накануне";"прием_лекарств"
"Извините, я съел чизкейк";"нарушение_диеты"
"Съел бутерброд с колбасой перед анализом";"нарушение_диеты"
"Принимаю выпил энтеросгель постоянно";"прием_лекарств"
"Пил матча латте (я пациент)";"нарушение_диеты"
"Выпил успокоительное на ночь вчера вечером";"прием_лекарств"
"Доктор, я пью клоназепам, это не повлияет?";"прием_лекарств"
"Съел плюшку за час до сдачи";"нарушение_диеты"
"Пил горячий шоколад за час до сдачи";"нарушение_диеты"
"Выпил цинк утром";"прием_лекарств"
"Пил молоко перед анализом утром";"нарушение_диеты"
"Выпил кефир, это нормально?";"нарушение_диеты"
"Принимаю выпил экстракт валерианы постоянно";"прием_лекарств"
"Принимал сорбенты перед анализом";"прием_лекарств"
"Принимал вольтарен гель перед анализом";"прием_лекарств"
"Съел банан за час до сдачи";"нарушение_диеты"
"Принимаю принимал диклофенак в ампулах постоянно";"прием_лекарств"
"Выпил супрадин утром";"прием_лекарств"
"Я принимал пью омега-3";"прием_лекарств"
"Можно ли, если я пил парацетамол от температуры?";"прием_лекарств"
"Выпил айран утром";"нарушение_диеты"
"Принимал колдрекс";"прием_лекарств"
"Извините, я принимал омепразол утром";"прием_лекарств"
"Принимаю выпил таблетку от бессонницы постоянно";"прием_лекарств"
"Пил морс (я пациент)";"нарушение_диеты"
"Извините, я пью противодиабетические средства";"прием_лекарств"
"Ой, я выпил гранатовый сок, это плохо?";"нарушение_диеты"
"Я принимал пью контрацептивы";"прием_лекарств"
"Я ел вафлю с шоколадом";"нарушение_диеты"
"Принимал бифидобактерии утром";"прием_лекарств"
"Выпил капучино перед анализом";"нарушение_диеты"
"Случайно ел суп на завтрак";"нарушение_диеты"
"Выпил цинк, это нормально?";"прием_лекарств"
"Я принимал пью мильгамму";"прием_лекарств"
"Пью тироксин утром";"прием_лекарств"
"Я принимал пью канефрон";"прием_лекарств"
"Выпил феназепам";"прием_лекарств"
"Принимаю выпил коэнзим q10 постоянно";"прием_лекарств"
"Я нарушил диету: выпил гранатовый сок";"нарушение_диеты"
"Принимал диклофенак в ампулах";"прием_лекарств"
"Доктор, я пью антикоагулянт варфарин, это не повлияет?";"прием_лекарств"
"Принимал преднизолон накануне";"прием_лекарств"
"Можно ли, если я принимал кеторол?";"прием_лекарств"
"Позавтракал перед походом в лабораторию перед анализом";"нарушение_диеты"
"Я принимал принимал верошпирон";"прием_лекарств"
"Я нарушил диету: ел суп на завтрак";"нарушение_диеты"
"Я нарушил диету: съел сырник";"нарушение_диеты"
"Ой, я выпил стакан апельсинового сока, это плохо?";"нарушение_диеты"
"Можно ли, если я съел суши?";"нарушение_диеты"
"Выпил колу (я пациент)";"нарушение_диеты"
"Случайно выпил принимал колдрекс";"прием_лекарств"
"Выпил спазмоветрин перед анализом";"прием_лекарств"
"Извините, я принимал миорелаксант";"прием_лекарств"
"Принимаю принимал элевит постоянно";"прием_лекарств"
"Доктор, я принимал антибиотик амоксициллин, это не повлияет?";"прием_лекарств"
"Я принимал принимал омепразол утром";"прием_лекарств"
"Ел омлет утром";"нарушение_диеты"
"Принимаю пью тетрациклиновую мазь постоянно";"прием_лекарств"
"Ел гречку с маслом за час до сдачи";"нарушение_диеты"
"Пил сок прямого отжима перед анализом";"нарушение_диеты"
"Пил сок прямого отжима (я пациент)";"нарушение_диеты"
"Я л молочный коктейль с печеньем";"нарушение_диеты"
"Принимаю пью контрацептивы постоянно";"прием_лекарств"
"Можно ли, если я пил кофе без сахара, но всё равно?";"нарушение_диеты"
"Принимал верошпирон";"прием_лекарств"
"Я ел чизкейк";"нарушение_диеты"
"Пью антидепрессант сертралин утром";"прием_лекарств"
"Ел блинчики с мясом перед анализом";"нарушение_диеты"
"Ел чипсы натощак";"нарушение_диеты"
"Съел йогурт (я пациент)";"нарушение_диеты"
"Пил травяной чай с мёдом";"нарушение_диеты"
"Случайно выпил пью препараты от эпилепсии";"прием_лекарств"
"Можно ли, если я принимал магний b6?";"прием_лекарств"
"Случайно выпил газировку с красителями";"нарушение_диеты"
"Принимал магний B6";"прием_лекарств"
"Принимаю принимал противогрибковое постоянно";"прием_лекарств"
"Пил газировку натощак";"нарушение_диеты"
"Принимал кеторол, это нормально?";"прием_лекарств"
"Съел булочку натощак";"нарушение_диеты"
"Выпил цинк накануне";"прием_лекарств"
"Я нарушил диету: съел плюшку";"нарушение_диеты"
"Пью препараты от эпилепсии, это нормально?";"прием_лекарств"
"Пью противоэпилептические накануне";"прием_лекарств"
"Ой, я ел гречку с маслом, это плохо?";"нарушение_диеты"
"Пил имбирный чай с сахаром (я пациент)";"нарушение_диеты"
"Принимаю принимал уролесан постоянно";"прием_лекарств"
"Пью контрацептивы вчера вечером";"прием_лекарств"
"Пил газировку";"нарушение_диеты"
"Принимал аспирин кардио перед анализом";"прием_лекарств"
"Можно ли, если я съел творог?";"нарушение_диеты"
"Выпил но-шпу утром";"прием_лекарств"
"Случайно выпил капучино";"нарушение_диеты"
"Съел мороженое утром";"нарушение_диеты"
"Ел шоколадку натощак, это нормально?";"нарушение_диеты"
"Я принимал принимал фенибут";"прием_лекарств"
"Пил чай с молоком и сахаром натощак";"нарушение_диеты"
"Выпил отхаркивающее, это нормально?";"прием_лекарств"
"Пил матча латте натощак";"нарушение_диеты"
"Доктор, я выпил энтеросгель, это не повлияет?";"прием_лекарств"
"Пью антибиотик ципрофлоксацин";"прием_лекарств"
"Принимал антибиотики вчера";"прием_лекарств"
"Выпил фрэш (я пациент)";"нарушение_диеты"
"Пил ромашковый чай с сахаром (я пациент)";"нарушение_диеты"
"Можно ли, если я пью антидепрессанты ежедневно?";"прием_лекарств"
"Извините, я выпил экстракт валерианы";"прием_лекарств"
"Случайно выпил принимал нейролептики";"прием_лекарств"
"Съел йогурт утром";"нарушение_диеты"
"Принимал сорбенты перед анализом вчера вечером";"прием_лекарств"
"Пью противоэпилептические, это нормально?";"прием_лекарств"
"Ой, я ел блинчики с мясом, это плохо?";"нарушение_диеты"
"Принимаю принимал антикоагулянты постоянно";"прием_лекарств"
"Принимал циклоферон накануне";"прием_лекарств"
"Съел бургер, это нормально?";"нарушение_диеты"
"Извините, я принимал противогрибковое";"прием_лекарств"
"Ел чипсы перед анализом";"нарушение_диеты"
"Пью противодиабетические средства, это нормально?";"прием_лекарств"
"Принимаю принимал преднизолон постоянно";"прием_лекарств"
"Пью спирулину, это нормально?";"прием_лекарств"
"Я ел йогурт";"нарушение_диеты"
"Съел яблоко за час до анализа натощак";"нарушение_диеты"
"Выпил дротаверин";"прием_лекарств"
"Случайно выпил пью антикоагулянт варфарин";"прием_лекарств"
"Извините, я выпил латте";"нарушение_диеты"
"Случайно выпил смузи";"нарушение_диеты"
"Принимал глюкозамин перед анализом";"прием_лекарств"
"Можно ли, если я пью тироксин?";"прием_лекарств"
"Я нарушил диету: выпил американо";"нарушение_диеты"
"Выпил американо (я пациент)";"нарушение_диеты"
"Пью противодиабетические средства утром";"прием_лекарств"
"Я л тёплое молоко";"нарушение_диеты"
"Случайно пил молочный коктейль с печеньем";"нарушение_диеты"
"Извините, я пил молочный коктейль с печеньем";"нарушение_диеты"
"Можно ли, если я ел рис с рыбой?";"нарушение_диеты"
"Выпил спазмоветрин, это нормально?";"прием_лекарств"
"Пью препараты от эпилепсии утром";"прием_лекарств"
"Я ел вафлю с шоколадом";"нарушение_диеты"
"Выпил какао с зефиром";"нарушение_диеты"
"Ой, я съел мороженое, это плохо?";"нарушение_диеты"
"Я  блинчики с мясом";"нарушение_диеты"
"Съел хлеб с маслом и сыром за час до сдачи";"нарушение_диеты"
"Принимала витамины с железом вчера вечером";"прием_лекарств"
"Принимал сорбенты перед анализом вчера вечером";"прием_лекарств"
"Случайно выпил пью канефрон";"прием_лекарств"
"Случайно выпил пью гормональные таблетки";"прием_лекарств"
"Принимаю пью лекарства для щитовидной железы постоянно";"прием_лекарств"
"Пил имбирный чай с сахаром (я пациент)";"нарушение_диеты"
"Выпил мексидол вчера вечером";"прием_лекарств"
"Я нарушил диету: съел яблоко за час до анализа";"нарушение_диеты"
"Съел блин со сгущёнкой, это нормально?";"нарушение_диеты"
"Извините, я ел драники";"нарушение_диеты"
"Выпил капучино";"нарушение_диеты"
"Доктор, я пью лекарства для щитовидной железы, это не повлияет?";"прием_лекарств"
"Случайно съел бутерброд с колбасой";"нарушение_диеты"
"Пью противоэпилептические накануне";"прием_лекарств"
"Выпил супрастин вчера вечером";"прием_лекарств"
"Пил ягодный смузи (я пациент)";"нарушение_диеты"
"Извините, я ел чипсы";"нарушение_диеты"
"Доктор, я пью омега-3, это не повлияет?";"прием_лекарств"
"Пил травяной чай с мёдом натощак";"нарушение_диеты"
"Пью витамин D ежедневно перед анализом";"прием_лекарств"
"Я принимал принимал фуросемид";"прием_лекарств"
"Можно ли, если я выпил лекарство от кашля?";"прием_лекарств"
"Выпил лекарство от кашля, это нормально?";"прием_лекарств"
"Я принимал пью антибиотик ципрофлоксацин";"прием_лекарств"
"Можно ли, если я пил травяной чай с мёдом?";"нарушение_диеты"
"Извините, я выпил латте";"нарушение_диеты"
"Можно ли, если я пью омега-3?";"прием_лекарств"
"Я принимал принимал антикоагулянты";"прием_лекарств"
"Выпил коэнзим Q10 вчера вечером";"прием_лекарств"
"Пью антибиотик ципрофлоксацин вчера вечером";"прием_лекарств"
"Съел бутерброд утром";"нарушение_диеты"
"Я принимал принимал пикамилон";"прием_лекарств"
"Выпил кальций Д3 перед анализом";"прием_лекарств"
"Выпил дротаверин вчера вечером";"прием_лекарств"
"Пью канефрон вчера вечером";"прием_лекарств"
"Ой, я выпил тархун, это плохо?";"нарушение_диеты"
"Ой, я пил кофе с молоком, это плохо?";"нарушение_диеты"
"Принимаю БАДы с железом";"прием_лекарств"
"Выпил свечи с папаверином вчера вечером";"прием_лекарств"
"Пью антидепрессанты ежедневно утром";"прием_лекарств"
"Доктор, я пью антидепрессант сертралин, это не повлияет?";"прием_лекарств"
"Принимал вольтарен гель перед анализом";"прием_лекарств"
"Можно ли, если я пил лимонад?";"нарушение_диеты"
"Случайно выпил принимал фуросемид";"прием_лекарств"
"Можно ли, если я пью антиретровирусные?";"прием_лекарств"
"Можно ли, если я выпил но-шпу?";"прием_лекарств"
"Плотно поужинал поздно ночью, это нормально?";"нарушение_диеты"
"Пью тетрациклиновую мазь перед анализом";"прием_лекарств"
"Извините, я пил чай с сахаром утром";"нарушение_диеты"
"Случайно выпил колу";"нарушение_диеты"
"Принимаю принимал фенибут постоянно";"прием_лекарств"
"Ой, я ел пасту на ужин, это плохо?";"нарушение_диеты"
"Позавтракал кашей натощак";"нарушение_диеты"
"Ел блинчики с мясом натощак";"нарушение_диеты"
"Случайно употребил алкоголь накануне";"нарушение_диеты"
"Пил молочный коктейль натощак";"нарушение_диеты"
"Принимал миорелаксант перед анализом";"прием_лекарств"
"Я нарушил диету: ел салат оливье на ночь";"нарушение_диеты"
"Ой, я пил лимонад, это плохо?";"нарушение_диеты"
"Пил чай с сахаром утром натощак";"нарушение_диеты"
"Ел жареную картошку (я пациент)";"нарушение_диеты"
"Пью антиретровирусные накануне";"прием_лекарств"
"Выпил кефир натощак";"нарушение_диеты"
"Ел кускус, это нормально?";"нарушение_диеты"
"Доктор, я выпил жаропонижающее утром, это не повлияет?";"прием_лекарств"
"Пью мильгамму вчера вечером";"прием_лекарств"
"Принимал уролесан перед анализом";"прием_лекарств"
"Принимал пикамилон";"прием_лекарств"
"Пил молочный коктейль утром";"нарушение_диеты"
"Выпил какао натощак";"нарушение_диеты"
"Можно ли, если я съел бургер?";"нарушение_диеты"
"Ел блинчики с мясом за час до сдачи";"нарушение_диеты"
"Пил ромашковый чай с сахаром за час до сдачи";"нарушение_диеты"
"Пью клоназепам перед анализом";"прием_лекарств"
"Я нарушил диету: выпил сокосодержащий напиток";"нарушение_диеты"
"Ой, я выпил капучино, это плохо?";"нарушение_диеты"
"Выпил ряженку";"нарушение_диеты"
"Ой, я выпил сокосодержащий напиток, это плохо?";"нарушение_диеты"
"Выпил супрадин";"прием_лекарств"
"Случайно выпил принимал омез";"прием_лекарств"
"Я отребил алкоголь накануне";"нарушение_диеты"
"Пил антацид от изжоги вчера вечером";"прием_лекарств"
"Ел блинчики с мясом перед анализом";"нарушение_диеты"
"Я нарушил диету: ел гречку с маслом";"нарушение_диеты"
"Извините, я съел кекс";"нарушение_диеты"
"Выпил тархун утром";"нарушение_диеты"
"Выпил айран перед анализом";"нарушение_диеты"
"Пью тетрациклиновую мазь, это нормально?";"прием_лекарств"
"Ой, я выпил энергетик, это плохо?";"нарушение_диеты"
"Принимаю выпил тантум верде постоянно";"прием_лекарств"
"Случайно ел фрукты, думая что можно";"нарушение_диеты"
"Случайно выпил принимал циклоферон";"прием_лекарств"
"Можно ли, если я пью антикоагулянт варфарин?";"прием_лекарств"
"Пью противодиабетические средства, это нормально?";"прием_лекарств"
"Ел шоколадку натощак натощак";"нарушение_диеты"
"Пью противоэпилептические накануне";"прием_лекарств"
"Ел пасту на ужин за час до сдачи";"нарушение_диеты"
"Принимаю принимал верошпирон постоянно";"прием_лекарств"
"Доктор, я пью лекарства для щитовидной железы, это не повлияет?";"прием_лекарств"
"Случайно выпил спрайт и съел чипсы";"нарушение_диеты"
"Пил компот (я пациент)";"нарушение_диеты"
"Я нарушил диету: выпил фрэш";"нарушение_диеты"
"Можно ли, если я пью спирулину?";"прием_лекарств"
"Случайно ел омлет";"нарушение_диеты"
"Пил горячий шоколад";"нарушение_диеты"
"Выпил дротаверин вчера вечером";"прием_лекарств"
"Выпил спрайт и съел чипсы";"нарушение_диеты"
"Съел кекс за час до сдачи";"нарушение_диеты"
"Случайно выпил фрэш";"нарушение_диеты"
"Выпил тантум верде вчера вечером";"прием_лекарств"
"Принимал диклофенак для суставов утром";"прием_лекарств"
"Извините, я выпил ренни";"прием_лекарств"
"Выпил таблетку от аллергии накануне";"прием_лекарств"
"Случайно выпил выпил супрадин";"прием_лекарств"
"Выпил лекарство от кашля утром";"прием_лекарств"
"Ел рис с рыбой за час до сдачи";"нарушение_диеты"
"Случайно съел панкейк с мёдом";"нарушение_диеты"
"Доктор, я пью клоназепам, это не повлияет?";"прием_лекарств"
"Случайно ел омлет";"нарушение_диеты"
"Пил имбирный чай с сахаром за час до сдачи";"нарушение_диеты"
"Я  суп на завтрак";"нарушение_диеты"
"Пью оральные контрацептивы накануне";"прием_лекарств"
"Извините, я пил матча латте";"нарушение_диеты"
"Пью слабительное перед анализом";"прием_лекарств"
"Пью мильгамму";"прием_лекарств"
"Пью канефрон вчера вечером";"прием_лекарств"
"Можно ли, если я пил компот?";"нарушение_диеты"
"Принимаю принимал антибиотики вчера постоянно";"прием_лекарств"
"Выпил таблетку от мигрени накануне";"прием_лекарств"
"Извините, я выпил стакан апельсинового сока";"нарушение_диеты"
"Можно ли, если я принимал фуросемид?";"прием_лекарств"
"Ой, я ел гречку с маслом, это плохо?";"нарушение_диеты"
"Можно ли, если я принимал омепразол утром?";"прием_лекарств"
"Я ел печенье";"нарушение_диеты"
"Ой, я пил молочный коктейль, это плохо?";"нарушение_диеты"
"Ел манную кашу (я пациент)";"нарушение_диеты"
"Принимаю пью антидепрессант сертралин постоянно";"прием_лекарств"
"Ой, я пил молоко перед анализом, это плохо?";"нарушение_диеты"
"Пью адаптол, это нормально?";"прием_лекарств"
"Случайно ел хлопья с молоком";"нарушение_диеты"
"Извините, я выпил таблетку от давления утром";"прием_лекарств"
"Выпил анальгин накануне";"прием_лекарств"
"Извините, я пью оральные контрацептивы";"прием_лекарств"
"Позавтракал перед походом в лабораторию натощак";"нарушение_диеты"
"Можно ли, если я выпил энергетик без сахара?";"нарушение_диеты"
"Принимаю пью препараты от эпилепсии постоянно";"прием_лекарств"
"Выпил таблетку от давления утром";"прием_лекарств"
"Случайно съел сэндвич";"нарушение_диеты"
"Извините, я выпил каптоприл";"прием_лекарств"
"Случайно выпил энергетик";"нарушение_диеты"
"Съел коржик, это нормально?";"нарушение_диеты"
"Я нарушил диету: пил томатный сок";"нарушение_диеты"
"Съел панкейк с мёдом";"нарушение_диеты"
"Можно ли, если я съел бургер?";"нарушение_диеты"
"Ой, я выпил какао с зефиром, это плохо?";"нарушение_диеты"
"Можно ли, если я принимал глюкозамин?";"прием_лекарств"
"Случайно выпил сок из пакета";"нарушение_диеты"
"Пью противоэпилептические, это нормально?";"прием_лекарств"
"Принимал колдрекс";"прием_лекарств"
"Выпил дротаверин";"прием_лекарств"
"Я л кофе с молоком";"нарушение_диеты"
"Можно ли, если я выпил тархун?";"нарушение_диеты"
"Пил кофе с молоком (я пациент)";"нарушение_диеты"
"Я принимал принимал пикамилон";"прием_лекарств"
"Случайно выпил тоник";"нарушение_диеты"
"Принимал омез, это нормально?";"прием_лекарств"
"Пил горячий шоколад утром";"нарушение_диеты"
"Пью витамин D ежедневно вчера вечером";"прием_лекарств"
"Съел бутерброд с колбасой перед анализом";"нарушение_диеты"
"Извините, я ел суп на завтрак";"нарушение_диеты"
"Съел йогурт";"нарушение_диеты"
"Ел пасту на ужин перед анализом";"нарушение_диеты"
"Пью адаптол накануне";"прием_лекарств"
"Выпил супрастин вчера вечером";"прием_лекарств"
"Можно ли, если я выпил каптоприл?";"прием_лекарств"
"Ой, я ел кабачковую икру, это плохо?";"нарушение_диеты"
"Съел орешки утром";"нарушение_диеты"
"Ел блинчики с мясом утром";"нарушение_диеты"
"Выпил фрэш за час до сдачи";"нарушение_диеты"
"Извините, я выпил гранатовый сок";"нарушение_диеты"
"Ой, я выпил энергетик без сахара, это плохо?";"нарушение_диеты"
"Съел чизкейк за час до сдачи";"нарушение_диеты"
"Доктор, я принимал седативные, это не повлияет?";"прием_лекарств"
"Пил кофе с молоком за час до сдачи";"нарушение_диеты"
"Случайно выпил выпил феназепам";"прием_лекарств"
"Ой, я съел булочку, это плохо?";"нарушение_диеты"
"Случайно съел плюшку";"нарушение_диеты"
"Выпил энтеросгель накануне";"прием_лекарств"
"Выпил лоперамид, это нормально?";"прием_лекарств"
"Я л имбирный чай с сахаром";"нарушение_диеты"
"Выпил ренни утром";"прием_лекарств"
"Извините, я принимаю бады с железом";"прием_лекарств"
"Я нарушил диету: ел гречку с маслом";"нарушение_диеты"
"Пил морс (я пациент)";"нарушение_диеты"
"Пью канефрон вчера вечером";"прием_лекарств"
"Принимал фенибут перед анализом";"прием_лекарств"
"Пил морс, это нормально?";"нарушение_диеты"
"Случайно съел булочку";"нарушение_диеты"
"Пью гипотензивные вчера вечером";"прием_лекарств"
"Съел бутерброд за час до сдачи";"нарушение_диеты"
"Выпил тархун утром";"нарушение_диеты"
"Съел творог";"нарушение_диеты"
"Доктор, я пью слабительное, это не повлияет?";"прием_лекарств"
"Выпил лекарство от кашля";"прием_лекарств"
"Принимал кеторол утром";"прием_лекарств"
"Выпил кальций Д3 вчера вечером";"прием_лекарств"
"Выпил таблетку от аллергии, это нормально?";"прием_лекарств"
"Доктор, я выпил дротаверин, это не повлияет?";"прием_лекарств"
"Употребил алкоголь накануне перед анализом";"нарушение_диеты"
"Принимал кардиомагнил вчера вечером";"прием_лекарств"
"Извините, я съел коржик";"нарушение_диеты"
"Можно ли, если я я выпил кофе перед сдачей крови?";"нарушение_диеты"
"Случайно выпил выпил таблетку от тошноты";"прием_лекарств"
"Принимал кеторол утром";"прием_лекарств"
"Я принимал принимал миорелаксант";"прием_лекарств"
"Пью антидепрессанты ежедневно, это нормально?";"прием_лекарств"
"Извините, я пью клоназепам";"прием_лекарств"
"Принимал миорелаксант вчера вечером";"прием_лекарств"
"Можно ли, если я выпил лекарство от кашля?";"прием_лекарств"
"Доктор, я принимал альмагель вчера, это не повлияет?";"прием_лекарств"
"Принимал преднизолон перед анализом";"прием_лекарств"
"Пью антикоагулянт варфарин накануне";"прием_лекарств"
"Можно ли, если я ел пиццу накануне?";"нарушение_диеты"
"Выпил лоратадин";"прием_лекарств"
"Выпил энтеросгель, это нормально?";"прием_лекарств"
"Пил бабл чай";"нарушение_диеты"
"Принимаю выпил таблетку от тошноты постоянно";"прием_лекарств"
"Принимал пикамилон";"прием_лекарств"
"Съел коржик за час до сдачи";"нарушение_диеты"
"Выпил коэнзим Q10 вчера вечером";"прием_лекарств"
"Я принимал пью таблетки от простатита";"прием_лекарств"
"Я нарушил диету: съел плюшку";"нарушение_диеты"
"Можно ли, если я пью иммуномодуляторы?";"прием_лекарств"
"Пью антикоагулянт варфарин перед анализом";"прием_лекарств"
"Я принимал принимал кеторол";"прием_лекарств"
"Извините, я принимал магний b6";"прием_лекарств"
"Я нарушил диету: пил латте с сиропом";"нарушение_диеты"
"Выпил энергетик утром";"нарушение_диеты"
"Доктор, я пью антиаритмические, это не повлияет?";"прием_лекарств"
"Я л матча латте";"нарушение_диеты"
"Ел овсяную кашу с сахаром за час до сдачи";"нарушение_диеты"
"Пью лекарства для щитовидной железы";"прием_лекарств"
"Можно ли, если я принимал антигистаминные вчера?";"прием_лекарств"
"Извините, я принимал циклоферон";"прием_лекарств"
"Можно ли, если я принимал омез?";"прием_лекарств"
"Я принимал пью препараты железа";"прием_лекарств"
"Я выпил кофе перед сдачей крови натощак";"нарушение_диеты"
"Ой, я пил каркаде, это плохо?";"нарушение_диеты"
"Пью статины постоянно накануне";"прием_лекарств"
"Случайно выпил принимал колдрекс";"прием_лекарств"
"Выпил тоник перед анализом";"нарушение_диеты"
"Я пил американо";"нарушение_диеты"
"Случайно пил бабл чай";"нарушение_диеты"
"Принимал седативные перед анализом";"прием_лекарств"
"Съел банан за час до сдачи";"нарушение_диеты"
"Ел фрукты, думая что можно утром";"нарушение_диеты"
"Ел пиццу накануне утром";"нарушение_диеты"
"Я нарушил диету: съел вафлю с шоколадом";"нарушение_диеты"
"Доктор, я принимал бифидобактерии, это не повлияет?";"прием_лекарств"
"Случайно выпил выпил таблетку от давления утром";"прием_лекарств"
"Пью антиретровирусные накануне";"прием_лекарств"
"Я нарушил диету: съел чизкейк";"нарушение_диеты"
"Я нарушил диету: съел хлеб с маслом и сыром";"нарушение_диеты"
"Выпил энергетик, это нормально?";"нарушение_диеты"
"Пью омега-3 вчера вечером";"прием_лекарств"
"Пью лекарства для щитовидной железы перед анализом";"прием_лекарств"
"Пью тироксин перед анализом";"прием_лекарств"
"Случайно съел яблоко за час до анализа";"нарушение_диеты"
"Случайно съел коржик";"нарушение_диеты"
"Пил ягодный смузи натощак";"нарушение_диеты"
"Выпил спрайт и съел чипсы перед анализом";"нарушение_диеты"
"Принимал элевит перед анализом";"прием_лекарств"
"Пью антиретровирусные накануне";"прием_лекарств"
"Случайно выпил какао";"нарушение_диеты"
"Принимал диклофенак для суставов перед анализом";"прием_лекарств"
"Принимал бифидобактерии утром";"прием_лекарств"
"Принимал кеторол вчера вечером";"прием_лекарств"
"Доктор, я пью антиаритмические, это не повлияет?";"прием_лекарств"
"Выпил аспирин накануне перед анализом";"прием_лекарств"
"Я л чай с молоком и сахаром";"нарушение_диеты"
"Случайно выпил принимал сорбенты перед анализом";"прием_лекарств"
"Плотно поужинал поздно ночью утром";"нарушение_диеты"
"Пью антидепрессанты ежедневно";"прием_лекарств"
"Ел чипсы";"нарушение_диеты"
"Я ел плюшку";"нарушение_диеты"
"Ел кабачковую икру";"нарушение_диеты"
"Я выпил кофе перед сдачей крови утром";"нарушение_диеты"
"Выпил успокоительное на ночь вчера вечером";"прием_лекарств"
"Я принимал выпил таблетку от давления утром";"прием_лекарств"
"Случайно ел шоколадку натощак";"нарушение_диеты"
"Выпил газировку с красителями за час до сдачи";"нарушение_диеты"
"Съел кекс перед анализом";"нарушение_диеты"
"Извините, я пью препараты железа";"прием_лекарств"
"Принимал нурофен";"прием_лекарств"
"Выпил спазмоветрин, это нормально?";"прием_лекарств"
"Я нарушил диету: съел сэндвич";"нарушение_диеты"
"Пью гипотензивные вчера вечером";"прием_лекарств"
"Я  творожную запеканку";"нарушение_диеты"
"Случайно выпил выпил супрадин";"прием_лекарств"
"Я принимал выпил таблетку от мигрени";"прием_лекарств"
"Принимал уролесан утром";"прием_лекарств"
"Принимал нурофен, это нормально?";"прием_лекарств"
"Выпил цинк перед анализом";"прием_лекарств"
"Пил парацетамол от температуры вчера вечером";"прием_лекарств"
"Пил ягодный смузи, это нормально?";"нарушение_диеты"
"Принимал антикоагулянты перед анализом";"прием_лекарств"
"Съел панкейк с мёдом утром";"нарушение_диеты"
"Съел банан за час до сдачи";"нарушение_диеты"
"Принимал альмагель вчера вчера вечером";"прием_лекарств"
"Ой, я плотно поужинал поздно ночью, это плохо?";"нарушение_диеты"
"Съел вафлю с шоколадом, это нормально?";"нарушение_диеты"
"Съел пирожок за час до сдачи";"нарушение_диеты"
"Извините, я пью таблетки от простатита";"прием_лекарств"
"Пил лимонад натощак";"нарушение_диеты"
"Выпил отхаркивающее, это нормально?";"прием_лекарств"
"Пью таблетки от простатита вчера вечером";"прием_лекарств"
"Пил латте с сиропом (я пациент)";"нарушение_диеты"
"Ой, я пил молоко перед анализом, это плохо?";"нарушение_диеты"
"Принимал кеторол накануне";"прием_лекарств"
"Я принимал пью статины постоянно";"прием_лекарств"
"Съел хлеб с маслом и сыром утром";"нарушение_диеты"
"Извините, я ел гречку с маслом";"нарушение_диеты"
"Ой, я пил лимонад, это плохо?";"нарушение_диеты"
"Принимал колдрекс утром";"прием_лекарств"
"Я выпил кофе перед сдачей крови (я пациент)";"нарушение_диеты"
"Выпил какао";"нарушение_диеты"
"Пил компот из вишни, это нормально?";"нарушение_диеты"
"Можно ли, если я пил чай с сахаром утром?";"нарушение_диеты"
"Извините, я принимал колдрекс";"прием_лекарств"
"Извините, я ел суп на завтрак";"нарушение_диеты"
"Я нарушил диету: пил молочный коктейль с печеньем";"нарушение_диеты"
"Пью оральные контрацептивы, это нормально?";"прием_лекарств"
"Ой, я съел панкейк с мёдом, это плохо?";"нарушение_диеты"
"Можно ли, если я позавтракал перед походом в лабораторию?";"нарушение_диеты"
"Съел йогурт натощак";"нарушение_диеты"
"Пью антидепрессант сертралин утром";"прием_лекарств"
"Выпил кальций Д3";"прием_лекарств"
"Выпил мексидол";"прием_лекарств"
"Пил зелёный чай с сахаром, это нормально?";"нарушение_диеты"
"Я л зелёный чай с сахаром";"нарушение_диеты"
"Я л томатный сок";"нарушение_диеты"
"Ел рис с рыбой";"нарушение_диеты"
"Доктор, я пью антибиотик ципрофлоксацин, это не повлияет?";"прием_лекарств"
"Случайно выпил пью антикоагулянт варфарин";"прием_лекарств"
"Выпил энтеросгель накануне";"прием_лекарств"
"Доктор, я принимал преднизолон, это не повлияет?";"прием_лекарств"
"Можно ли, если я принимал сорбенты перед анализом?";"прием_лекарств"
"Случайно съел плюшку";"нарушение_диеты"
"Извините, я я выпил кофе перед сдачей крови";"нарушение_диеты"
"Извините, я выпил сок из пакета";"нарушение_диеты"
"Съел пирожок (я пациент)";"нарушение_диеты"
"Выпил тоник (я пациент)";"нарушение_диеты"
"Доктор, я выпил мочегонное средство, это не повлияет?";"прием_лекарств"
"Принимаю принимал уролесан постоянно";"прием_лекарств"
"Ел пиццу накануне";"нарушение_диеты"
"Я принимал принимал диклофенак в ампулах";"прием_лекарств"
"Принимал омепразол утром перед анализом";"прием_лекарств"
"Выпил американо";"нарушение_диеты"
"Пью антидепрессант сертралин";"прием_лекарств"
"Извините, я пью препараты железа";"прием_лекарств"
"Пил каркаде натощак";"нарушение_диеты"
"Выпил ряженку утром";"нарушение_диеты"
"Принимал магний B6 накануне";"прием_лекарств"
"Выпил стакан апельсинового сока, это нормально?";"нарушение_диеты"
"Пью антибиотик ципрофлоксацин перед анализом";"прием_лекарств"
"Съел яблоко за час до анализа утром";"нарушение_диеты"
"Выпил лоратадин перед анализом";"прием_лекарств"
"Выпил лоратадин, это нормально?";"прием_лекарств"
"Выпил гранатовый сок за час до сдачи";"нарушение_диеты"
"Выпил тархун";"нарушение_диеты"
"Извините, я выпил спазмоветрин";"прием_лекарств"
"Случайно выпил принимал диклофенак в ампулах";"прием_лекарств"
"Я нарушил диету: пил ягодный смузи";"нарушение_диеты"
"Доктор, я пью канефрон, это не повлияет?";"прием_лекарств"
"Доктор, я выпил свечи с папаверином, это не повлияет?";"прием_лекарств"
"Я ел плюшку";"нарушение_диеты"
"Принимал антигистаминные вчера";"прием_лекарств"
"Я нарушил диету: ел гречку с маслом";"нарушение_диеты"
"Пил имбирный чай с сахаром утром";"нарушение_диеты"
"Съел банан утром";"нарушение_диеты"
"Принимал антибиотик амоксициллин";"прием_лекарств"
"Извините, я плотно поужинал поздно ночью";"нарушение_диеты"
"Выпил гранатовый сок за час до сдачи";"нарушение_диеты"
"Я принимал пью препараты от эпилепсии";"прием_лекарств"
"Съел суши (я пациент)";"нарушение_диеты"
"Можно ли, если я съел суши?";"нарушение_диеты"
"Я нарушил диету: пил кофе с молоком";"нарушение_диеты"
"Извините, я пью препараты от эпилепсии";"прием_лекарств"
"Принимаю принимала витамины с железом постоянно";"прием_лекарств"
"Я нарушил диету: пил молочный коктейль с печеньем";"нарушение_диеты"
"Съел чизкейк натощак";"нарушение_диеты"
"Пил парацетамол от температуры";"прием_лекарств"
"Можно ли, если я выпил коэнзим q10?";"прием_лекарств"
"Принимал циклоферон";"прием_лекарств"
"Принимаю принимал элевит постоянно";"прием_лекарств"
"Съел блин со сгущёнкой утром";"нарушение_диеты"
"Извините, я пил антацид от изжоги";"прием_лекарств"
"Съел панкейк с мёдом, это нормально?";"нарушение_диеты"
"Извините, я съел сырник";"нарушение_диеты"
"Съел орешки натощак";"нарушение_диеты"
"Принимал седативные перед анализом";"прием_лекарств"
"Случайно выпил пью контрацептивы";"прием_лекарств"
"Пью антидепрессант сертралин накануне";"прием_лекарств"
"Доктор, я пью противовоспалительное, это не повлияет?";"прием_лекарств"
"Ой, я выпил газировку с красителями, это плохо?";"нарушение_диеты"
"Принимал циклоферон вчера вечером";"прием_лекарств"
"Ел суп на завтрак утром";"нарушение_диеты"
"Принимаю выпил таблетку от тошноты постоянно";"прием_лекарств"
"Принимаю БАДы с железом накануне";"прием_лекарств"
"Выпил спазмалгон";"прием_лекарств"
"Извините, я выпил тоник";"нарушение_диеты"
"Можно ли, если я пью адаптол?";"прием_лекарств"
"Принимал циклоферон вчера вечером";"прием_лекарств"
"Случайно выпил пью противовоспалительное";"прием_лекарств"
"Пью препараты от эпилепсии вчера вечером";"прием_лекарств"
"Пью мильгамму вчера вечером";"прием_лекарств"
"Я нарушил диету: пил имбирный чай с сахаром";"нарушение_диеты"
"Выпил свечи с папаверином вчера вечером";"прием_лекарств"
"Пью гипотензивные вчера вечером";"прием_лекарств"
"Можно ли, если я пью противодиабетические средства?";"прием_лекарств"
"Пил морс натощак";"нарушение_диеты"
"Плотно поужинал поздно ночью (я пациент)";"нарушение_диеты"
"Ел чипсы, это нормально?";"нарушение_диеты"
"Принимал альмагель вчера накануне";"прием_лекарств"
"Пил каркаде утром";"нарушение_диеты"
"Выпил спрайт и съел чипсы утром";"нарушение_диеты"
"Выпил мексидол вчера вечером";"прием_лекарств"
"Можно ли, если я принимал омез?";"прием_лекарств"
"Плотно поужинал поздно ночью (я пациент)";"нарушение_диеты"
"Доктор, я принимал обезболивающее на ночь, это не повлияет?";"прием_лекарств"
"Выпил энергетик без сахара";"нарушение_диеты"
"Пил компот утром";"нарушение_диеты"
"Можно ли, если я пил парацетамол от температуры?";"прием_лекарств"
"Я  рис с рыбой";"нарушение_диеты"
"Случайно съел вафлю с шоколадом";"нарушение_диеты"
"Случайно выпил принимал омез";"прием_лекарств"
"Ел кабачковую икру";"нарушение_диеты"
"Случайно выпил выпил ренни";"прием_лекарств"
"Можно ли, если я ел кабачковую икру?";"нарушение_диеты"
"Съел творог перед анализом";"нарушение_диеты"
"Ел блинчики с мясом утром";"нарушение_диеты"
"Пил лимонад за час до сдачи";"нарушение_диеты"
"Пил кофе без сахара, но всё равно перед анализом";"нарушение_диеты"
"Я принимал пью витамин d ежедневно";"прием_лекарств"
"Можно ли, если я пью антидепрессанты ежедневно?";"прием_лекарств"
"Можно ли, если я принимал верошпирон?";"прием_лекарств"
"Ел пиццу накануне (я пациент)";"нарушение_диеты"
"Случайно выпил пью лекарства для щитовидной железы";"прием_лекарств"
"Ел драники (я пациент)";"нарушение_диеты"
"Выпил ренни перед анализом";"прием_лекарств"
"Доктор, я выпил супрадин, это не повлияет?";"прием_лекарств"
"Пил горячий шоколад";"нарушение_диеты"
"Выпил спазмоветрин вчера вечером";"прием_лекарств"
"Принимал сорбенты перед анализом перед анализом";"прием_лекарств"
"Можно ли, если я ел суп на завтрак?";"нарушение_диеты"
"Пью адаптол";"прием_лекарств"
"Принимаю пил парацетамол от температуры постоянно";"прием_лекарств"
"Съел бутерброд за час до сдачи";"нарушение_диеты"
"Выпил сок из пакета";"нарушение_диеты"
"Пью противодиабетические средства утром";"прием_лекарств"
"Принимала витамины с железом утром";"прием_лекарств"
"Выпил какао с зефиром (я пациент)";"нарушение_диеты"
"Съел суши утром";"нарушение_диеты"
"Можно ли, если я принимал омез?";"прием_лекарств"
"Принимал фенибут накануне";"прием_лекарств"
"Случайно выпил выпил таблетку от мигрени";"прием_лекарств"
"Пью препараты железа вчера вечером";"прием_лекарств"
"Ой, я съел банан, это плохо?";"нарушение_диеты"
"Выпил успокоительное на ночь утром";"прием_лекарств"
"Доктор, я пью контрацептивы, это не повлияет?";"прием_лекарств"
"Пил молочный коктейль с печеньем, это нормально?";"нарушение_диеты"
"Пью таблетки от простатита накануне";"прием_лекарств"
"Выпил тоник";"нарушение_диеты"
"Ел суп-пюре утром";"нарушение_диеты"
"Позавтракал кашей";"нарушение_диеты"
"Ел пасту на ужин, это нормально?";"нарушение_диеты"
"Доктор, я выпил таблетку от мигрени, это не повлияет?";"прием_лекарств"
"Доктор, я принимал омепразол утром, это не повлияет?";"прием_лекарств"
"Позавтракал перед походом в лабораторию";"нарушение_диеты"
"Доктор, я пью таблетки от простатита, это не повлияет?";"прием_лекарств"
"Съел плюшку натощак";"нарушение_диеты"
"Выпил кефир натощак";"нарушение_диеты"
"Принимал пикамилон, это нормально?";"прием_лекарств"
"Случайно выпил пью иммуномодуляторы";"прием_лекарств"
"Случайно пил сок прямого отжима";"нарушение_диеты"
"Я л компот";"нарушение_диеты"
"Выпил кальций Д3 перед анализом";"прием_лекарств"
"Я л ягодный смузи";"нарушение_диеты"
"Принимал элевит";"прием_лекарств"
"Доктор, я пью противовоспалительное, это не повлияет?";"прием_лекарств"
"Пил латте с сиропом (я пациент)";"нарушение_диеты"
"Принимаю выпил экстракт валерианы постоянно";"прием_лекарств"
"Я нарушил диету: съел творог";"нарушение_диеты"
"Доктор, я выпил цинк, это не повлияет?";"прием_лекарств"
"Ел омлет";"нарушение_диеты"
"Принимаю выпил таблетку от мигрени постоянно";"прием_лекарств"
"Принимал фенибут вчера вечером";"прием_лекарств"
"Пил газировку (я пациент)";"нарушение_диеты"
"Выпил цинк утром";"прием_лекарств"
"Ой, я выпил стакан апельсинового сока, это плохо?";"нарушение_диеты"
"Выпил свечи с папаверином, это нормально?";"прием_лекарств"
"Извините, я пил латте с сиропом";"нарушение_диеты"
"Ел салат оливье на ночь (я пациент)";"нарушение_диеты"
"Я принимал пью тетрациклиновую мазь";"прием_лекарств"
"Съел плюшку натощак";"нарушение_диеты"
"Выпил мочегонное средство";"прием_лекарств"
"Доктор, я выпил жаропонижающее утром, это не повлияет?";"прием_лекарств"
"Я принимал пью адаптол";"прием_лекарств"
"Я принимал пью препараты железа";"прием_лекарств"
"Принимал диклофенак в ампулах накануне";"прием_лекарств"
"Выпил латте натощак";"нарушение_диеты"
"Я нарушил диету: пил травяной чай с мёдом";"нарушение_диеты"
"Извините, я принимал фуросемид";"прием_лекарств"
"Пил клюквенный морс натощак";"нарушение_диеты"
"Съел блин со сгущёнкой, это нормально?";"нарушение_диеты"
"Принимаю принимал магний b6 постоянно";"прием_лекарств"
"Принимаю принимал пикамилон постоянно";"прием_лекарств"
"Пью антиаритмические";"прием_лекарств"
"Принимаю пью препараты от эпилепсии постоянно";"прием_лекарств"
"Выпил каптоприл накануне";"прием_лекарств"
"Извините, я ел чипсы";"нарушение_диеты"
"Принимал уролесан перед анализом";"прием_лекарств"
"Можно ли, если я съел плюшку?";"нарушение_диеты"
"Принимал антигистаминные вчера";"прием_лекарств"
"Извините, я пил ягодный смузи";"нарушение_диеты"
"Принимаю принимал седативные постоянно";"прием_лекарств"
"Съел панкейк с мёдом утром";"нарушение_диеты"
"Съел кекс за час до сдачи";"нарушение_диеты"
"Я  чипсы";"нарушение_диеты"
"Пью слабительное утром";"прием_лекарств"
"Случайно выпил принимал вольтарен гель";"прием_лекарств"
"Выпил цинк";"прием_лекарств"
"Ел фрукты, думая что можно перед анализом";"нарушение_диеты"
"Ел суп на завтрак натощак";"нарушение_диеты"
"Извините, я пил молочный коктейль";"нарушение_диеты"
"Пью карнитин перед анализом";"прием_лекарств"
"Случайно выпил пью тироксин";"прием_лекарств"
"Извините, я принимал фуросемид";"прием_лекарств"
"Случайно выпил принимал бифидобактерии";"прием_лекарств"
"Съел творог (я пациент)";"нарушение_диеты"
"Ой, я пил клюквенный морс, это плохо?";"нарушение_диеты"
"Можно ли, если я выпил стакан апельсинового сока?";"нарушение_диеты"
"Я принимал выпил лоратадин";"прием_лекарств"
"Доктор, я выпил свечи с папаверином, это не повлияет?";"прием_лекарств"
"Выпил мочегонное средство перед анализом";"прием_лекарств"
"Съел вафлю с шоколадом за час до сдачи";"нарушение_диеты"
"Я ел банан";"нарушение_диеты"
"Можно ли, если я пью антиретровирусные?";"прием_лекарств"
"Ой, я ел суп-пюре, это плохо?";"нарушение_диеты"
"Я принимал выпил жаропонижающее утром";"прием_лекарств"
"Случайно выпил пью адаптол";"прием_лекарств"
"Принимал диклофенак для суставов, это нормально?";"прием_лекарств"
"Ел кускус утром";"нарушение_диеты"
"Можно ли, если я выпил газировку с красителями?";"нарушение_диеты"
"Пил горячий шоколад перед анализом";"нарушение_диеты"
"Извините, я принимал пикамилон";"прием_лекарств"
"Принимал противогрибковое перед анализом";"прием_лекарств"
"Пью клоназепам, это нормально?";"прием_лекарств"
"Пил тёплое молоко натощак";"нарушение_диеты"
"Пил молочный коктейль с печеньем (я пациент)";"нарушение_диеты"
"Можно ли, если я выпил ряженку?";"нарушение_диеты"
"Выпил таблетку от тошноты перед анализом";"прием_лекарств"
"Принимал диклофенак для суставов утром";"прием_лекарств"
"Пил каркаде, это нормально?";"нарушение_диеты"
"Выпил кефир, это нормально?";"нарушение_диеты"
"Принимал пикамилон утром";"прием_лекарств"
"Случайно выпил принимал циклоферон";"прием_лекарств"
"Я пил колу";"нарушение_диеты"
"Пил травяной чай с мёдом (я пациент)";"нарушение_диеты"
"Ел мюсли с молоком, это нормально?";"нарушение_диеты"
"Можно ли, если я пил каркаде?";"нарушение_диеты"
"Ел блинчики с мясом за час до сдачи";"нарушение_диеты"
"Я нарушил диету: пил ромашковый чай с сахаром";"нарушение_диеты"
"Принимал глюкозамин, это нормально?";"прием_лекарств"
"Выпил феназепам вчера вечером";"прием_лекарств"
"Съел блин со сгущёнкой (я пациент)";"нарушение_диеты"
"Принимаю принимал верошпирон постоянно";"прием_лекарств"
"Пил молочный коктейль (я пациент)";"нарушение_диеты"
"Ел хлопья с молоком утром";"нарушение_диеты"
"Пил матча латте";"нарушение_диеты"
"Выпил латте натощак";"нарушение_диеты"
"Я принимал принимал альмагель вчера";"прием_лекарств"
"Принимал магний B6 вчера вечером";"прием_лекарств"
"Съел коржик натощак";"нарушение_диеты"
"Выпил лоратадин вчера вечером";"прием_лекарств"
"Принимаю БАДы с железом, это нормально?";"прием_лекарств"
"Можно ли, если я выпил цинк?";"прием_лекарств"
"Я л имбирный чай с сахаром";"нарушение_диеты"
"Я принимал принимал кардиомагнил";"прием_лекарств"
"Пью тироксин вчера вечером";"прием_лекарств"
"Пил ромашковый чай с сахаром";"нарушение_диеты"
"Ел пиццу накануне";"нарушение_диеты"
"Ой, я пил молоко перед анализом, это плохо?";"нарушение_диеты"
"Доктор, я пью иммуномодуляторы, это не повлияет?";"прием_лекарств"
"Я л кофе с молоком";"нарушение_диеты"
"Пью антидепрессант сертралин утром";"прием_лекарств"
"Случайно выпил выпил мочегонное средство";"прием_лекарств"
"Выпил капучино";"нарушение_диеты"
"Пил чай с сахаром утром натощак";"нарушение_диеты"
"Выпил кефир натощак";"нарушение_диеты"
"Я нарушил диету: пил молочный коктейль";"нарушение_диеты"
"Съел йогурт за час до сдачи";"нарушение_диеты"
"Случайно ел пиццу накануне";"нарушение_диеты"
"Ел овсяную кашу с сахаром, это нормально?";"нарушение_диеты"
"Пил молоко перед анализом (я пациент)";"нарушение_диеты"
"Ел хлопья с молоком, это нормально?";"нарушение_диеты"
"Я пил сокосодержащий напиток";"нарушение_диеты"
"Можно ли, если я употребил алкоголь накануне?";"нарушение_диеты"
"Принимаю выпил энтеросгель постоянно";"прием_лекарств"
"Позавтракал кашей утром";"нарушение_диеты"
"Я ел бутерброд";"нарушение_диеты"
"Выпил экстракт валерианы утром";"прием_лекарств"
"Я нарушил диету: пил горячий шоколад";"нарушение_диеты"
"Доктор, я выпил свечи с папаверином, это не повлияет?";"прием_лекарств"
"Пил травяной чай с мёдом натощак";"нарушение_диеты"
"Пью клоназепам, это нормально?";"прием_лекарств"
"Пью гипотензивные накануне";"прием_лекарств"
"Пью антидепрессанты ежедневно, это нормально?";"прием_лекарств"
"Выпил отхаркивающее накануне";"прием_лекарств"
"Принимал нейролептики утром";"прием_лекарств"
"Можно ли, если я выпил сокосодержащий напиток?";"нарушение_диеты"
"Извините, я пил латте с сиропом";"нарушение_диеты"
"Пью омега-3 накануне";"прием_лекарств"
"Доктор, я пью статины постоянно, это не повлияет?";"прием_лекарств"
"Доктор, я принимал сорбенты перед анализом, это не повлияет?";"прием_лекарств"
"Пью антидепрессанты ежедневно утром";"прием_лекарств"
"Принимал омез перед анализом";"прием_лекарств"
"Пил горячий шоколад";"нарушение_диеты"
"Я принимал выпил мочегонное средство";"прием_лекарств"
"Доктор, я пью слабительное, это не повлияет?";"прием_лекарств"
"Пил молочный коктейль с печеньем (я пациент)";"нарушение_диеты"
"Извините, я пил кофе без сахара, но всё равно";"нарушение_диеты"
"Выпил капучино за час до сдачи";"нарушение_диеты"
"Принимал кеторол вчера вечером";"прием_лекарств"
"Извините, я пил молочный коктейль с печеньем";"нарушение_диеты"
"Выпил энтеросгель накануне";"прием_лекарств"
"Доктор, я выпил ренни, это не повлияет?";"прием_лекарств"
"Доктор, я пью слабительное, это не повлияет?";"прием_лекарств"
"Пью сердечный препарат перед анализом";"прием_лекарств"
"Выпил кефир за час до сдачи";"нарушение_диеты"
"Извините, я пью канефрон";"прием_лекарств"
"Извините, я пил латте с сиропом";"нарушение_диеты"
"Я выпил кофе перед сдачей крови натощак";"нарушение_диеты"
"Доктор, я выпил экстракт валерианы, это не повлияет?";"прием_лекарств"
"Принимал омепразол утром вчера вечером";"прием_лекарств"
"Я л бабл чай";"нарушение_диеты"
"Выпил свечи с папаверином утром";"прием_лекарств"
"Пил компот из вишни утром";"нарушение_диеты"
"Ой, я выпил какао с зефиром, это плохо?";"нарушение_диеты"
"Извините, я принимал метформин";"прием_лекарств"
"Принимал колдрекс накануне";"прием_лекарств"
"Случайно выпил выпил тантум верде";"прием_лекарств"
"Выпил сокосодержащий напиток натощак";"нарушение_диеты"
"Принимал нурофен";"прием_лекарств"
"Я нарушил диету: съел сушку с маком";"нарушение_диеты"
"Принимаю БАДы с железом вчера вечером";"прием_лекарств"
"Съел кекс утром";"нарушение_диеты"
"Я принимал пью тироксин";"прием_лекарств"
"Случайно пил чай с сахаром утром";"нарушение_диеты"
"Извините, я принимал фуросемид";"прием_лекарств"
"Пью антиретровирусные вчера вечером";"прием_лекарств"
"Можно ли, если я выпил феназепам?";"прием_лекарств"
"Ел рис с рыбой, это нормально?";"нарушение_диеты"
"Извините, я выпил гранатовый сок";"нарушение_диеты"
"Пью оральные контрацептивы";"прием_лекарств"
"Выпил успокоительное на ночь";"прием_лекарств"
"Выпил анальгин перед анализом";"прием_лекарств"
"Принимал антигистаминные вчера";"прием_лекарств"
"Доктор, я выпил спазмалгон, это не повлияет?";"прием_лекарств"
"Выпил спрайт (я пациент)";"нарушение_диеты"
"Выпил супрастин, это нормально?";"прием_лекарств"
"Принимал антигистаминные вчера накануне";"прием_лекарств"
"Ел салат оливье на ночь перед анализом";"нарушение_диеты"
"Ой, я ел кабачковую икру, это плохо?";"нарушение_диеты"
"Ой, я ел хлопья с молоком, это плохо?";"нарушение_диеты"
"Выпил сок из пакета";"нарушение_диеты"
"Ел рис с рыбой утром";"нарушение_диеты"
"Я нарушил диету: пил лимонад";"нарушение_диеты"
"Принимал кардиомагнил";"прием_лекарств"
"Случайно выпил пью тетрациклиновую мазь";"прием_лекарств"
"Выпил ренни, это нормально?";"прием_лекарств"
"Я пил американо";"нарушение_диеты"
"Я принимал принимал омез";"прием_лекарств"
"Ел творожную запеканку натощак";"нарушение_диеты"
"Выпил стакан апельсинового сока, это нормально?";"нарушение_диеты"
"Я пил американо";"нарушение_диеты"
"Я  суп на завтрак";"нарушение_диеты"
"Случайно ел драники";"нарушение_диеты"
"Съел панкейк с мёдом за час до сдачи";"нарушение_диеты"
"Извините, я выпил энергетик";"нарушение_диеты"
"Случайно выпил пью антидепрессанты ежедневно";"прием_лекарств"
"Выпил ренни накануне";"прием_лекарств"
"Пил каркаде, это нормально?";"нарушение_диеты"
"Выпил таблетку от давления утром утром";"прием_лекарств"
"Можно ли, если я выпил спрайт и съел чипсы?";"нарушение_диеты"
"Выпил анальгин утром";"прием_лекарств"
"Можно ли, если я съел орешки?";"нарушение_диеты"
"Доктор, я пью лекарства для щитовидной железы, это не повлияет?";"прием_лекарств"
"Случайно ел суп-пюре";"нарушение_диеты"
"Случайно съел суши";"нарушение_диеты"
"Случайно ел кускус";"нарушение_диеты"
"Пью антидепрессанты ежедневно перед анализом";"прием_лекарств"
"Пил кофе с молоком (я пациент)";"нарушение_диеты"
"Можно ли, если я принимал верошпирон?";"прием_лекарств"
"Я ел вафлю с шоколадом";"нарушение_диеты"
"Пью канефрон накануне";"прием_лекарств"
"Выпил аспирин накануне";"прием_лекарств"
"Ой, я выпил гранатовый сок, это плохо?";"нарушение_диеты"
"Случайно выпил пил антацид от изжоги";"прием_лекарств"
"Выпил таблетку от аллергии накануне";"прием_лекарств"
"Принимал верошпирон вчера вечером";"прием_лекарств"
"Извините, я ел пиццу накануне";"нарушение_диеты"
"Ел хлопья с молоком натощак";"нарушение_диеты"
"Можно ли, если я ел салат оливье на ночь?";"нарушение_диеты"
"Ел пасту на ужин за час до сдачи";"нарушение_диеты"
"Принимал фенибут накануне";"прием_лекарств"
"Можно ли, если я принимал обезболивающее на ночь?";"прием_лекарств"
"Перекусил печеньем за час до сдачи";"нарушение_диеты"
"Пью антиаритмические перед анализом";"прием_лекарств"
"Пью антикоагулянт варфарин перед анализом";"прием_лекарств"
"Можно ли, если я принимал антибиотики вчера?";"прием_лекарств"
"Выпил смузи утром";"нарушение_диеты"
"Пью противодиабетические средства накануне";"прием_лекарств"
"Случайно выпил принимал омепразол утром";"прием_лекарств"
"Съел сэндвич (я пациент)";"нарушение_диеты"
"Пил латте с сиропом перед анализом";"нарушение_диеты"
"Пью лекарства для щитовидной железы накануне";"прием_лекарств"
"Выпил отхаркивающее накануне";"прием_лекарств"
"Можно ли, если я съел йогурт?";"нарушение_диеты"
"Доктор, я принимал кеторол, это не повлияет?";"прием_лекарств"
"Я л ягодный смузи";"нарушение_диеты"
"Извините, я ел мюсли с молоком";"нарушение_диеты"
"Я л тёплое молоко";"нарушение_диеты"
"Можно ли, если я съел бутерброд?";"нарушение_диеты"
"Я нарушил диету: ел рис с рыбой";"нарушение_диеты"
"Пил латте с сиропом за час до сдачи";"нарушение_диеты"
"Выпил анальгин";"прием_лекарств"
"Пил ягодный смузи (я пациент)";"нарушение_диеты"
"Можно ли, если я съел плюшку?";"нарушение_диеты"
"Можно ли, если я съел хлеб с маслом и сыром?";"нарушение_диеты"
"Ел драники, это нормально?";"нарушение_диеты"
"Я принимал пью спирулину";"прием_лекарств"
"Пью антидепрессант сертралин";"прием_лекарств"
"Выпил гранатовый сок, это нормально?";"нарушение_диеты"
"Извините, я выпил но-шпу";"прием_лекарств"
"Пью мильгамму, это нормально?";"прием_лекарств"
"Я пил сок из пакета";"нарушение_диеты"
"Выпил жаропонижающее утром утром";"прием_лекарств"
"Ел суп-пюре за час до сдачи";"нарушение_диеты"
"Ой, я съел пирожок, это плохо?";"нарушение_диеты"
"Пью омега-3 утром";"прием_лекарств"
"Принимаю пью антиаритмические постоянно";"прием_лекарств"
"Я  омлет";"нарушение_диеты"
"Ел суп-пюре за час до сдачи";"нарушение_диеты"
"Я принимал выпил таблетку от аллергии";"прием_лекарств"
"Случайно выпил принимал элевит";"прием_лекарств"
"Я принимал принимала витамины с железом";"прием_лекарств"
"Пил имбирный чай с сахаром, это нормально?";"нарушение_диеты"
"Можно ли, если я пью противовоспалительное?";"прием_лекарств"
"Ой, я выпил латте, это плохо?";"нарушение_диеты"
"Принимал верошпирон накануне";"прием_лекарств"
"Выпил отхаркивающее вчера вечером";"прием_лекарств"
"Ой, я съел бутерброд с колбасой, это плохо?";"нарушение_диеты"
"Ел пиццу накануне";"нарушение_диеты"
"Пил травяной чай с мёдом натощак";"нарушение_диеты"
"Пил парацетамол от температуры утром";"прием_лекарств"
"Съел плюшку натощак";"нарушение_диеты"
"Извините, я выпил айран";"нарушение_диеты"
"Ой, я съел панкейк с мёдом, это плохо?";"нарушение_диеты"
"Доктор, я пью тетрациклиновую мазь, это не повлияет?";"прием_лекарств"
"Позавтракал перед походом в лабораторию (я пациент)";"нарушение_диеты"
"Я принимал выпил таблетку от аллергии";"прием_лекарств"
"Принимал пикамилон вчера вечером";"прием_лекарств"
"Извините, я пил матча латте";"нарушение_диеты"
"Пил парацетамол от температуры, это нормально?";"прием_лекарств"
"Доктор, я пью тетрациклиновую мазь, это не повлияет?";"прием_лекарств"
"Пил чай с сахаром утром натощак";"нарушение_диеты"
"Пью мильгамму, это нормально?";"прием_лекарств"
"Принимаю пью карнитин постоянно";"прием_лекарств"
"Выпил цинк, это нормально?";"прием_лекарств"
"Случайно выпил принимал обезболивающее на ночь";"прием_лекарств"
"Ел суп на завтрак, это нормально?";"нарушение_диеты"
"Принимаю пью антидепрессанты ежедневно постоянно";"прием_лекарств"
"Плотно поужинал поздно ночью натощак";"нарушение_диеты"
"Случайно выпил пью контрацептивы";"прием_лекарств"
"Я принимал принимал нейролептики";"прием_лекарств"
"Пью мильгамму вчера вечером";"прием_лекарств"
"Случайно выпил выпил кальций д3";"прием_лекарств"
"Доктор, я принимал обезболивающее на ночь, это не повлияет?";"прием_лекарств"
"Можно ли, если я принимал сорбенты перед анализом?";"прием_лекарств"
"Извините, я съел хлеб с маслом и сыром";"нарушение_диеты"
"Я нарушил диету: ел манную кашу";"нарушение_диеты"
"Принимал колдрекс утром";"прием_лекарств"
"Плотно поужинал поздно ночью, это нормально?";"нарушение_диеты"
"Позавтракал кашей натощак";"нарушение_диеты"
"Выпил свечи с папаверином вчера вечером";"прием_лекарств"
"Я нарушил диету: пил каркаде";"нарушение_диеты"
"Пил лимонад натощак";"нарушение_диеты"
"Пил компот из вишни за час до сдачи";"нарушение_диеты"
"Я принимал пью лекарства для щитовидной железы";"прием_лекарств"
"Ел суп-пюре (я пациент)";"нарушение_диеты"
"Я  омлет";"нарушение_диеты"
"Съел сырник утром";"нарушение_диеты"
"Можно ли, если я пью лекарства для щитовидной железы?";"прием_лекарств"
"Ой, я пил сок прямого отжима, это плохо?";"нарушение_диеты"
"Пью противодиабетические средства";"прием_лекарств"
"Выпил супрастин накануне";"прием_лекарств"
"Пью иммуномодуляторы вчера вечером";"прием_лекарств"
"Выпил мексидол утром";"прием_лекарств"
"Принимал противогрибковое";"прием_лекарств"
"Я пил фрэш";"нарушение_диеты"
"Можно ли, если я пил чай с сахаром утром?";"нарушение_диеты"
"Пил чай с молоком и сахаром утром";"нарушение_диеты"
"Я принимал принимал противогрибковое";"прием_лекарств"
"Пью антиретровирусные перед анализом";"прием_лекарств"
"Доктор, я пью лекарства для щитовидной железы, это не повлияет?";"прием_лекарств"
"Случайно съел кекс";"нарушение_диеты"
"Пью канефрон";"прием_лекарств"
"Ел мюсли с молоком (я пациент)";"нарушение_диеты"
"Ой, я выпил капучино, это плохо?";"нарушение_диеты"
"Пью слабительное вчера вечером";"прием_лекарств"
"Выпил кальций Д3 накануне";"прием_лекарств"
"Можно ли, если я выпил спазмоветрин?";"прием_лекарств"
"Я нарушил диету: ел суп на завтрак";"нарушение_диеты"
"Выпил таблетку от бессонницы";"прием_лекарств"
"Пил молочный коктейль с печеньем, это нормально?";"нарушение_диеты"
"Можно ли, если я ел салат из свеклы?";"нарушение_диеты"
"Пью антикоагулянт варфарин перед анализом";"прием_лекарств"
"Принимал элевит накануне";"прием_лекарств"
"Можно ли, если я позавтракал перед походом в лабораторию?";"нарушение_диеты"
"Съел плюшку утром";"нарушение_диеты"
"Я принимал пью таблетки от простатита";"прием_лекарств"
"Я л компот";"нарушение_диеты"
"Выпил гранатовый сок перед анализом";"нарушение_диеты"
"Пью мильгамму вчера вечером";"прием_лекарств"
"Пью препараты от эпилепсии, это нормально?";"прием_лекарств"
"Пил кофе без сахара, но всё равно за час до сдачи";"нарушение_диеты"
"Принимаю выпил жаропонижающее утром постоянно";"прием_лекарств"
"Выпил газировку с красителями перед анализом";"нарушение_диеты"
"Я принимал принимал обезболивающее на ночь";"прием_лекарств"
"Я принимал принимал уролесан";"прием_лекарств"
"Извините, я пил сок прямого отжима";"нарушение_диеты"
"Извините, я съел сырник";"нарушение_диеты"
"Съел бутерброд с колбасой за час до сдачи";"нарушение_диеты"
"Принимал фуросемид утром";"прием_лекарств"
"Принимал вольтарен гель, это нормально?";"прием_лекарств"
"Я нарушил диету: съел панкейк с мёдом";"нарушение_диеты"
"Я отребил алкоголь накануне";"нарушение_диеты"
"Принимаю принимал преднизолон постоянно";"прием_лекарств"
"Съел сэндвич перед анализом";"нарушение_диеты"
"Съел творог (я пациент)";"нарушение_диеты"
"Принимал циклоферон утром";"прием_лекарств"
"Можно ли, если я выпил феназепам?";"прием_лекарств"
"Принимал обезболивающее на ночь накануне";"прием_лекарств"
"Я принимал выпил но-шпу";"прием_лекарств"
"Пью клоназепам";"прием_лекарств"
"Можно ли, если я выпил латте?";"нарушение_диеты"
"Выпил отхаркивающее перед анализом";"прием_лекарств"
"Ел драники за час до сдачи";"нарушение_диеты"
"Пил молоко перед анализом";"нарушение_диеты"
"Можно ли, если я пил томатный сок?";"нарушение_диеты"
"Ой, я выпил тархун, это плохо?";"нарушение_диеты"
"Извините, я пью гормональные таблетки";"прием_лекарств"
"Пил ягодный смузи за час до сдачи";"нарушение_диеты"
"Пил травяной чай с мёдом, это нормально?";"нарушение_диеты"
"Можно ли, если я пил морс?";"нарушение_диеты"
"Можно ли, если я пью слабительное?";"прием_лекарств"
"Случайно выпил фрэш";"нарушение_диеты"
"Принимал омепразол утром вчера вечером";"прием_лекарств"
"Случайно выпил выпил жаропонижающее утром";"прием_лекарств"
"Я принимал выпил но-шпу";"прием_лекарств"
"Извините, я пью оральные контрацептивы";"прием_лекарств"
"Случайно выпил принимал кардиомагнил";"прием_лекарств"
"Съел хлеб с маслом и сыром перед анализом";"нарушение_диеты"
"Случайно выпил принимал омепразол утром";"прием_лекарств"
"Я принимал принимал фуросемид";"прием_лекарств"
"Плотно поужинал поздно ночью утром";"нарушение_диеты"
"Ой, я ел салат оливье на ночь, это плохо?";"нарушение_диеты"
"Я  овсяную кашу с сахаром";"нарушение_диеты"
"Ел омлет за час до сдачи";"нарушение_диеты"
"Выпил жаропонижающее утром, это нормально?";"прием_лекарств"
"Я нарушил диету: выпил спрайт";"нарушение_диеты"
"Принимал бифидобактерии накануне";"прием_лекарств"
"Пью лекарства для щитовидной железы утром";"прием_лекарств"
"Пью слабительное перед анализом";"прием_лекарств"
"Извините, я выпил капучино";"нарушение_диеты"
"Выпил кефир, это нормально?";"нарушение_диеты"
"Ел кускус (я пациент)";"нарушение_диеты"
"Ел овсяную кашу с сахаром, это нормально?";"нарушение_диеты"
"Случайно съел сушку с маком";"нарушение_диеты"
"Пью спирулину перед анализом";"прием_лекарств"
"Съел яблоко за час до анализа утром";"нарушение_диеты"
"Ел манную кашу утром";"нарушение_диеты"
"Пью антидепрессанты ежедневно";"прием_лекарств"
"Можно ли, если я выпил жаропонижающее утром?";"прием_лекарств"
"Ой, я пил сок прямого отжима, это плохо?";"нарушение_диеты"
"Пил молочный коктейль с печеньем за час до сдачи";"нарушение_диеты"
"Случайно выпил пью сердечный препарат";"прием_лекарств"
"Извините, я выпил спрайт";"нарушение_диеты"
"Выпил аспирин накануне утром";"прием_лекарств"
"Ел суп на завтрак за час до сдачи";"нарушение_диеты"
"Принимаю принимал метформин постоянно";"прием_лекарств"
"Можно ли, если я ел салат из свеклы?";"нарушение_диеты"
"Случайно пил томатный сок";"нарушение_диеты"
"Случайно выпил выпил цинк";"прием_лекарств"
"Пил чай с молоком и сахаром";"нарушение_диеты"
"Я принимал выпил мочегонное средство";"прием_лекарств"
"Пил горячий шоколад за час до сдачи";"нарушение_диеты"
"Я нарушил диету: пил тёплое молоко";"нарушение_диеты"
"Извините, я съел сэндвич";"нарушение_диеты"
"Принимаю принимал уролесан постоянно";"прием_лекарств"
"Принимал антикоагулянты вчера вечером";"прием_лекарств"
"Можно ли, если я выпил кальций д3?";"прием_лекарств"
"Ел драники";"нарушение_диеты"
"Выпил гранатовый сок, это нормально?";"нарушение_диеты"
"Случайно съел сэндвич";"нарушение_диеты"
"Пил травяной чай с мёдом, это нормально?";"нарушение_диеты"
"Пил антацид от изжоги, это нормально?";"прием_лекарств"
"Принимал альмагель вчера утром";"прием_лекарств"
"Можно ли, если я пью карнитин?";"прием_лекарств"
"Можно ли, если я выпил мексидол?";"прием_лекарств"
"Съел сушку с маком утром";"нарушение_диеты"
"Можно ли, если я ел пиццу накануне?";"нарушение_диеты"
"Я нарушил диету: выпил американо";"нарушение_диеты"
"Выпил энергетик без сахара натощак";"нарушение_диеты"
"Выпил энергетик за час до сдачи";"нарушение_диеты"
"Пил латте с сиропом перед анализом";"нарушение_диеты"
"Можно ли, если я ел блинчики с мясом?";"нарушение_диеты"
"Выпил какао натощак";"нарушение_диеты"
"Пью омега-3";"прием_лекарств"
"Пью слабительное вчера вечером";"прием_лекарств"
"Ел жареную картошку (я пациент)";"нарушение_диеты"
"Принимал сорбенты перед анализом перед анализом";"прием_лекарств"
"Извините, я принимал омепразол утром";"прием_лекарств"
"Выпил айран перед анализом";"нарушение_диеты"
"Выпил спрайт и съел чипсы, это нормально?";"нарушение_диеты"
"Выпил латте";"нарушение_диеты"
"Извините, я перекусил печеньем";"нарушение_диеты"
"Доктор, я пью антидепрессант сертралин, это не повлияет?";"прием_лекарств"
"Выпил экстракт валерианы";"прием_лекарств"
"Я нарушил диету: выпил айран";"нарушение_диеты"
"Принимал альмагель вчера перед анализом";"прием_лекарств"
"Принимаю пью препараты железа постоянно";"прием_лекарств"
"Пью лекарства для щитовидной железы перед анализом";"прием_лекарств"
"Пил компот из вишни";"нарушение_диеты"
"Извините, я выпил энергетик без сахара";"нарушение_диеты"
"Я принимал пью гипотензивные";"прием_лекарств"
"Я нарушил диету: ел кабачковую икру";"нарушение_диеты"
"Принимал верошпирон накануне";"прием_лекарств"
"Выпил спрайт и съел чипсы за час до сдачи";"нарушение_диеты"
"Выпил сок из пакета (я пациент)";"нарушение_диеты"
"Принимал вольтарен гель накануне";"прием_лекарств"
"Извините, я съел сырник";"нарушение_диеты"
"Пью антибиотик ципрофлоксацин вчера вечером";"прием_лекарств"
"Принимал фуросемид";"прием_лекарств"
"Доктор, я принимаю бады с железом, это не повлияет?";"прием_лекарств"
"Извините, я пью карнитин";"прием_лекарств"
"Я ел панкейк с мёдом";"нарушение_диеты"
"Выпил энергетик за час до сдачи";"нарушение_диеты"
"Я л чай с молоком и сахаром";"нарушение_диеты"
"Ел чипсы";"нарушение_диеты"
"Пил лимонад перед анализом";"нарушение_диеты"
"Извините, я съел блин со сгущёнкой";"нарушение_диеты"
"Пил компот из вишни (я пациент)";"нарушение_диеты"
"Выпил аспирин накануне, это нормально?";"прием_лекарств"
"Выпил ряженку";"нарушение_диеты"
"Извините, я ел манную кашу";"нарушение_диеты"
"Ой, я съел сушку с маком, это плохо?";"нарушение_диеты"
"Выпил мексидол утром";"прием_лекарств"
"Случайно выпил принимал элевит";"прием_лекарств"
"Извините, я принимал аспирин кардио";"прием_лекарств"
"Выпил айран натощак";"нарушение_диеты"
"Съел коржик (я пациент)";"нарушение_диеты"
"Можно ли, если я пью клоназепам?";"прием_лекарств"
"Выпил отхаркивающее утром";"прием_лекарств"
"Выпил дротаверин";"прием_лекарств"
"Ел суп на завтрак за час до сдачи";"нарушение_диеты"
"Принимаю пью антибиотик ципрофлоксацин постоянно";"прием_лекарств"
"Случайно выпил принимал колдрекс";"прием_лекарств"
"Случайно съел йогурт";"нарушение_диеты"
"Съел орешки утром";"нарушение_диеты"
"Съел плюшку";"нарушение_диеты"
"Выпил мексидол утром";"прием_лекарств"
"Выпил феназепам перед анализом";"прием_лекарств"
"Съел кекс за час до сдачи";"нарушение_диеты"
"Случайно выпил пью спирулину";"прием_лекарств"
"Принимал антибиотик амоксициллин накануне";"прием_лекарств"
"Выпил кальций Д3";"прием_лекарств"
"Я л газировку";"нарушение_диеты"
"Доктор, я выпил каптоприл, это не повлияет?";"прием_лекарств"
"Извините, я съел суши";"нарушение_диеты"
"Извините, я выпил фрэш";"нарушение_диеты"
"Пью мильгамму";"прием_лекарств"
"Доктор, я пью препараты от эпилепсии, это не повлияет?";"прием_лекарств"
"Я нарушил диету: ел кабачковую икру";"нарушение_диеты"
"Принимал диклофенак для суставов";"прием_лекарств"
"Принимал сорбенты перед анализом накануне";"прием_лекарств"
"Доктор, я принимал преднизолон, это не повлияет?";"прием_лекарств"
"Выпил энергетик без сахара за час до сдачи";"нарушение_диеты"
"Случайно ел чипсы";"нарушение_диеты"
"Выпил энтеросгель перед анализом";"прием_лекарств"
"Ел кускус натощак";"нарушение_диеты"
"Можно ли, если я пью препараты от эпилепсии?";"прием_лекарств"
"Выпил энергетик без сахара за час до сдачи";"нарушение_диеты"
"Можно ли, если я пью карнитин?";"прием_лекарств"
"Выпил сокосодержащий напиток за час до сдачи";"нарушение_диеты"
"Случайно выпил принимал метформин";"прием_лекарств"
"Выпил энтеросгель, это нормально?";"прием_лекарств"
"Случайно выпил выпил дротаверин";"прием_лекарств"
"Доктор, я принимал антибиотик амоксициллин, это не повлияет?";"прием_лекарств"
"Принимал уролесан";"прием_лекарств"
"Принимал омепразол утром, это нормально?";"прием_лекарств"
"Ел кускус натощак";"нарушение_диеты"
"Я нарушил диету: съел творог";"нарушение_диеты"
"Я принимал выпил энтеросгель";"прием_лекарств"
"Ой, я выпил тархун, это плохо?";"нарушение_диеты"
"Пью препараты железа перед анализом";"прием_лекарств"
"Можно ли, если я ел суп-пюре?";"нарушение_диеты"
"Случайно выпил принимал антикоагулянты";"прием_лекарств"
"Принимал магний B6 утром";"прием_лекарств"
"Случайно позавтракал перед походом в лабораторию";"нарушение_диеты"
"Съел суши натощак";"нарушение_диеты"
"Пью слабительное утром";"прием_лекарств"
"Извините, я ел пиццу накануне";"нарушение_диеты"
"Пью омега-3";"прием_лекарств"
"Выпил таблетку от тошноты, это нормально?";"прием_лекарств"
"Извините, я пью антибиотик ципрофлоксацин";"прием_лекарств"
"Я принимал принимал антибиотики вчера";"прием_лекарств"
"Съел панкейк с мёдом";"нарушение_диеты"
"Съел печенье перед анализом";"нарушение_диеты"
"Пил парацетамол от температуры, это нормально?";"прием_лекарств"
"Извините, я пил томатный сок";"нарушение_диеты"
"Позавтракал перед походом в лабораторию, это нормально?";"нарушение_диеты"
"Можно ли, если я выпил ренни?";"прием_лекарств"
"Ел овсяную кашу с сахаром натощак";"нарушение_диеты"
"Пил компот за час до сдачи";"нарушение_диеты"
"Я нарушил диету: съел вафлю с шоколадом";"нарушение_диеты"
"Принимал омез перед анализом";"прием_лекарств"
"Принимаю выпил жаропонижающее утром постоянно";"прием_лекарств"
"Доктор, я пью карнитин, это не повлияет?";"прием_лекарств"
"Извините, я съел сушку с маком";"нарушение_диеты"
"Выпил тархун утром";"нарушение_диеты"
"Принимал альмагель вчера накануне";"прием_лекарств"
"Можно ли, если я выпил лоперамид?";"прием_лекарств"
"Пью тетрациклиновую мазь накануне";"прием_лекарств"
"Случайно выпил принимал уролесан";"прием_лекарств"
"Извините, я принимал противогрибковое";"прием_лекарств"
"Я  хлопья с молоком";"нарушение_диеты"
"Случайно пил кофе без сахара, но всё равно";"нарушение_диеты"
"Пил тёплое молоко натощак";"нарушение_диеты"
"Доктор, я выпил лоперамид, это не повлияет?";"прием_лекарств"
"Извините, я принимал бифидобактерии";"прием_лекарств"
"Принимал обезболивающее на ночь, это нормально?";"прием_лекарств"
"Извините, я выпил ренни";"прием_лекарств"
"Случайно пил горячий шоколад";"нарушение_диеты"
"Можно ли, если я выпил гранатовый сок?";"нарушение_диеты"
"Пью адаптол перед анализом";"прием_лекарств"
"Выпил лоперамид перед анализом";"прием_лекарств"
"Плотно поужинал поздно ночью натощак";"нарушение_диеты"
"Съел мороженое утром";"нарушение_диеты"
"Принимаю пью слабительное постоянно";"прием_лекарств"
"Пил бабл чай";"нарушение_диеты"
"Случайно пил ягодный смузи";"нарушение_диеты"
"Случайно съел сэндвич";"нарушение_диеты"
"Пью слабительное";"прием_лекарств"
"Съел орешки";"нарушение_диеты"
"Выпил фрэш";"нарушение_диеты"
"Выпил тархун натощак";"нарушение_диеты"
"Случайно выпил выпил экстракт валерианы";"прием_лекарств"
"Ел кабачковую икру";"нарушение_диеты"
"Случайно выпил принимал антикоагулянты";"прием_лекарств"
"Принимал преднизолон вчера вечером";"прием_лекарств"
"Доктор, я пил антацид от изжоги, это не повлияет?";"прием_лекарств"
"Можно ли, если я ел овсяную кашу с сахаром?";"нарушение_диеты"
"Выпил но-шпу";"прием_лекарств"
"Пью адаптол вчера вечером";"прием_лекарств"
"Случайно выпил принимал аспирин кардио";"прием_лекарств"
"Я нарушил диету: выпил стакан апельсинового сока";"нарушение_диеты"
"Я принимал пью витамин d ежедневно";"прием_лекарств"
"Выпил цинк утром";"прием_лекарств"
"Ел блинчики с мясом перед анализом";"нарушение_диеты"
"Пил молоко перед анализом (я пациент)";"нарушение_диеты"
"Извините, я выпил лоперамид";"прием_лекарств"
"Я  суп на завтрак";"нарушение_диеты"
"Можно ли, если я ел гречку с маслом?";"нарушение_диеты"
"Ел шоколадку натощак перед анализом";"нарушение_диеты"
"Выпил стакан апельсинового сока за час до сдачи";"нарушение_диеты"
"Я принимал пью сердечный препарат";"прием_лекарств"
"Пью антидепрессант сертралин накануне";"прием_лекарств"
"Пил антацид от изжоги перед анализом";"прием_лекарств"
"Принимал сорбенты перед анализом, это нормально?";"прием_лекарств"
"Извините, я съел суши";"нарушение_диеты"
"Принимал омез перед анализом";"прием_лекарств"
"Можно ли, если я выпил жаропонижающее утром?";"прием_лекарств"
"Случайно выпил принимал сорбенты перед анализом";"прием_лекарств"
"Я л молочный коктейль";"нарушение_диеты"
"Извините, я выпил энергетик";"нарушение_диеты"
"Выпил кальций Д3 утром";"прием_лекарств"
"Извините, я ел драники";"нарушение_диеты"
"Съел кекс (я пациент)";"нарушение_диеты"
"Случайно выпил принимал седативные";"прием_лекарств"
"Ел блинчики с мясом (я пациент)";"нарушение_диеты"
"Я л горячий шоколад";"нарушение_диеты"
"Я принимал выпил анальгин";"прием_лекарств"
"Принимал аспирин кардио";"прием_лекарств"
"Пил кофе без сахара, но всё равно (я пациент)";"нарушение_диеты"
"Извините, я съел сырник";"нарушение_диеты"
"Выпил латте за час до сдачи";"нарушение_диеты"
"Пью противоэпилептические утром";"прием_лекарств"
"Я принимал пью статины постоянно";"прием_лекарств"
"Пью иммуномодуляторы утром";"прием_лекарств"
"Извините, я выпил спазмалгон";"прием_лекарств"
"Пью клоназепам, это нормально?";"прием_лекарств"
"Можно ли, если я пил парацетамол от температуры?";"прием_лекарств"
"Пью препараты от эпилепсии перед анализом";"прием_лекарств"
"Случайно выпил пью омега-3";"прием_лекарств"
"Пил кофе без сахара, но всё равно за час до сдачи";"нарушение_диеты"
"Принимал глюкозамин перед анализом";"прием_лекарств"
"Пил молоко перед анализом, это нормально?";"нарушение_диеты"
"Доктор, я принимал нейролептики, это не повлияет?";"прием_лекарств"
"Съел булочку (я пациент)";"нарушение_диеты"
"Выпил цинк накануне";"прием_лекарств"
"Принимал противогрибковое утром";"прием_лекарств"
"Пил латте с сиропом перед анализом";"нарушение_диеты"
"Пил травяной чай с мёдом натощак";"нарушение_диеты"
"Выпил спрайт перед анализом";"нарушение_диеты"
"Выпил лекарство от кашля вчера вечером";"прием_лекарств"
"Выпил спазмоветрин, это нормально?";"прием_лекарств"
"Выпил дротаверин";"прием_лекарств"
"Я принимал выпил лоратадин";"прием_лекарств"
"Доктор, я выпил мексидол, это не повлияет?";"прием_лекарств"
"Случайно ел чипсы";"нарушение_диеты"
"Случайно выпил пью омега-3";"прием_лекарств"
"Выпил экстракт валерианы перед анализом";"прием_лекарств"
"Ел чипсы за час до сдачи";"нарушение_диеты"
"Пил латте с сиропом (я пациент)";"нарушение_диеты"
"Доктор, я принимал диклофенак для суставов, это не повлияет?";"прием_лекарств"
"Пил тёплое молоко утром";"нарушение_диеты"
"Случайно выпил принимал колдрекс";"прием_лекарств"
"Выпил энергетик, это нормально?";"нарушение_диеты"
"Принимаю пью оральные контрацептивы постоянно";"прием_лекарств"
"Выпил ренни вчера вечером";"прием_лекарств"
"Пью спирулину вчера вечером";"прием_лекарств"
"Пью витамин D ежедневно утром";"прием_лекарств"
"Я нарушил диету: съел булочку";"нарушение_диеты"
"Съел печенье за час до сдачи";"нарушение_диеты"
"Пил молочный коктейль (я пациент)";"нарушение_диеты"
"Принимал кеторол накануне";"прием_лекарств"
"Пью спирулину, это нормально?";"прием_лекарств"
"Принимал омепразол утром утром";"прием_лекарств"
"Можно ли, если я выпил энтеросгель?";"прием_лекарств"
"Ел салат оливье на ночь за час до сдачи";"нарушение_диеты"
"Случайно пил морс";"нарушение_диеты"
"Можно ли, если я ел чипсы?";"нарушение_диеты"
"Съел чизкейк утром";"нарушение_диеты"
"Случайно выпил принимаю бады с железом";"прием_лекарств"
"Случайно выпил спрайт и съел чипсы";"нарушение_диеты"
"Извините, я принимал антигистаминные вчера";"прием_лекарств"
"Извините, я выпил энергетик без сахара";"нарушение_диеты"
"Ел омлет за час до сдачи";"нарушение_диеты"
"Извините, я пил клюквенный морс";"нарушение_диеты"
"Я л травяной чай с мёдом";"нарушение_диеты"
"Принимал фуросемид перед анализом";"прием_лекарств"
"Ел рис с рыбой за час до сдачи";"нарушение_диеты"
"Съел печенье утром";"нарушение_диеты"
"Случайно выпил выпил феназепам";"прием_лекарств"
"Я нарушил диету: выпил американо";"нарушение_диеты"
"Случайно позавтракал перед походом в лабораторию";"нарушение_диеты"
"Ой, я выпил колу, это плохо?";"нарушение_диеты"
"Извините, я съел суши";"нарушение_диеты"
"Можно ли, если я пью адаптол?";"прием_лекарств"
"Пью антикоагулянт варфарин, это нормально?";"прием_лекарств"
"Пил кофе с молоком, это нормально?";"нарушение_диеты"
"Съел мороженое, это нормально?";"нарушение_диеты"
"Пью противовоспалительное утром";"прием_лекарств"
"Ел блинчики с мясом перед анализом";"нарушение_диеты"
"Ел шоколадку натощак за час до сдачи";"нарушение_диеты"
"Я пил латте";"нарушение_диеты"
"Съел блин со сгущёнкой утром";"нарушение_диеты"
"Я  творожную запеканку";"нарушение_диеты"
"Съел яблоко за час до анализа натощак";"нарушение_диеты"
"Выпил мексидол вчера вечером";"прием_лекарств"
"Я принимал выпил супрастин";"прием_лекарств"
"Принимаю пью карнитин постоянно";"прием_лекарств"
"Извините, я пил молочный коктейль";"нарушение_диеты"
"Пил имбирный чай с сахаром";"нарушение_диеты"
"Съел сушку с маком натощак";"нарушение_диеты"
"Можно ли, если я выпил спазмоветрин?";"прием_лекарств"
"Принимал фенибут вчера вечером";"прием_лекарств"
"Я принимал принимал вольтарен гель";"прием_лекарств"
"Принимал омепразол утром утром";"прием_лекарств"
"Я нарушил диету: выпил сок из пакета";"нарушение_диеты"
"Извините, я принимал омез";"прием_лекарств"
"Можно ли, если я принимал противогрибковое?";"прием_лекарств"
"Извините, я пил каркаде";"нарушение_диеты"
"Ой, я выпил кефир, это плохо?";"нарушение_диеты"
"Ой, я съел йогурт, это плохо?";"нарушение_диеты"
"Извините, я выпил фрэш";"нарушение_диеты"
"Пил каркаде перед анализом";"нарушение_диеты"
"Съел печенье";"нарушение_диеты"
"Извините, я пью противовоспалительное";"прием_лекарств"
"Пил кофе с молоком за час до сдачи";"нарушение_диеты"
"Пью канефрон";"прием_лекарств"
"Выпил дротаверин";"прием_лекарств"
"Доктор, я пью таблетки от простатита, это не повлияет?";"прием_лекарств"
"Доктор, я выпил таблетку от бессонницы, это не повлияет?";"прием_лекарств"
"Выпил таблетку от бессонницы";"прием_лекарств"
"Пью омега-3";"прием_лекарств"
"Случайно съел булочку";"нарушение_диеты"
"Случайно позавтракал кашей";"нарушение_диеты"
"Съел блин со сгущёнкой натощак";"нарушение_диеты"
"Я нарушил диету: выпил айран";"нарушение_диеты"
"Извините, я выпил успокоительное на ночь";"прием_лекарств"
"Я принимал принимал омепразол утром";"прием_лекарств"
"Пью таблетки от простатита, это нормально?";"прием_лекарств"
"Принимал альмагель вчера утром";"прием_лекарств"
"Я принимал выпил феназепам";"прием_лекарств"
"Я нарушил диету: перекусил печеньем";"нарушение_диеты"
"Выпил супрастин утром";"прием_лекарств"
"Ел кабачковую икру утром";"нарушение_диеты"
"Съел бургер за час до сдачи";"нарушение_диеты"
"Извините, я ел рис с рыбой";"нарушение_диеты"
"Я л клюквенный морс";"нарушение_диеты"
"Выпил таблетку от тошноты вчера вечером";"прием_лекарств"
"Можно ли, если я съел сушку с маком?";"нарушение_диеты"
"Съел коржик перед анализом";"нарушение_диеты"
"Принимаю пью слабительное постоянно";"прием_лекарств"
"Случайно съел суши";"нарушение_диеты"
"Выпил тоник за час до сдачи";"нарушение_диеты"
"Пью иммуномодуляторы перед анализом";"прием_лекарств"
"Съел мороженое утром";"нарушение_диеты"
"Ел суп-пюре утром";"нарушение_диеты"
"Выпил мочегонное средство";"прием_лекарств"
"Извините, я позавтракал перед походом в лабораторию";"нарушение_диеты"
"Принимал диклофенак для суставов перед анализом";"прием_лекарств"
"Извините, я выпил энтеросгель";"прием_лекарств"
"Съел мороженое";"нарушение_диеты"
"Выпил сокосодержащий напиток";"нарушение_диеты"
"Я нарушил диету: пил компот";"нарушение_диеты"
"Доктор, я принимал миорелаксант, это не повлияет?";"прием_лекарств"
"Я принимал принимал альмагель вчера";"прием_лекарств"
"Выпил супрадин";"прием_лекарств"
"Я нарушил диету: ел хлопья с молоком";"нарушение_диеты"
"Принимал противогрибковое вчера вечером";"прием_лекарств"
"Ел чипсы";"нарушение_диеты"
"Выпил фрэш, это нормально?";"нарушение_диеты"
"Пил матча латте, это нормально?";"нарушение_диеты"
"Ой, я съел бутерброд, это плохо?";"нарушение_диеты"
"Я принимал принимал бифидобактерии";"прием_лекарств"
"Я нарушил диету: пил бабл чай";"нарушение_диеты"
"Принимал магний B6, это нормально?";"прием_лекарств"
"Принимаю пью гипотензивные постоянно";"прием_лекарств"
"Доктор, я принимал колдрекс, это не повлияет?";"прием_лекарств"
"Пил ягодный смузи перед анализом";"нарушение_диеты"
"Пью карнитин вчера вечером";"прием_лекарств"
"Извините, я принимал кардиомагнил";"прием_лекарств"
"Можно ли, если я ел салат оливье на ночь?";"нарушение_диеты"
"Выпил энергетик без сахара перед анализом";"нарушение_диеты"
"Доктор, я пью витамин d ежедневно, это не повлияет?";"прием_лекарств"
"Случайно съел чизкейк";"нарушение_диеты"
"Пью противовоспалительное накануне";"прием_лекарств"
"Ел суп-пюре натощак";"нарушение_диеты"
"Я принимал принимал пикамилон";"прием_лекарств"
"Доктор, я принимал магний b6, это не повлияет?";"прием_лекарств"
"Выпил тоник перед анализом";"нарушение_диеты"
"Можно ли, если я пью лекарства для щитовидной железы?";"прием_лекарств"
"Пью препараты от эпилепсии перед анализом";"прием_лекарств"
"Извините, я перекусил печеньем";"нарушение_диеты"
"Можно ли, если я съел сэндвич?";"нарушение_диеты"
"Случайно выпил выпил ренни";"прием_лекарств"
"Ел кускус натощак";"нарушение_диеты"
"Ел мюсли с молоком";"нарушение_диеты"
"Выпил жаропонижающее утром накануне";"прием_лекарств"
"Ой, я пил молоко перед анализом, это плохо?";"нарушение_диеты"
"Принимал антигистаминные вчера перед анализом";"прием_лекарств"
"Пью гормональные таблетки";"прием_лекарств"
"Выпил таблетку от тошноты накануне";"прием_лекарств"
"Я принимал выпил дротаверин";"прием_лекарств"
"Доктор, я пью лекарства для щитовидной железы, это не повлияет?";"прием_лекарств"
"Выпил сок из пакета натощак";"нарушение_диеты"
"Доктор, я пью гипотензивные, это не повлияет?";"прием_лекарств"
"Извините, я выпил энергетик";"нарушение_диеты"
"Выпил айран перед анализом";"нарушение_диеты"
"Съел булочку натощак";"нарушение_диеты"
"Ел мюсли с молоком за час до сдачи";"нарушение_диеты"
"Принимал элевит";"прием_лекарств"
"Пил морс утром";"нарушение_диеты"
"Я пил гранатовый сок";"нарушение_диеты"
"Случайно выпил айран";"нарушение_диеты"
"Извините, я принимал циклоферон";"прием_лекарств"
"Выпил таблетку от мигрени перед анализом";"прием_лекарств"
"Извините, я принимал кеторол";"прием_лекарств"
"Ел жареную картошку перед анализом";"нарушение_диеты"
"Я принимал выпил кальций д3";"прием_лекарств"
"Пью антиаритмические вчера вечером";"прием_лекарств"
"Принимал глюкозамин вчера вечером";"прием_лекарств"
"Пью мильгамму перед анализом";"прием_лекарств"
"Выпил капучино, это нормально?";"нарушение_диеты"
"Принимал антигистаминные вчера утром";"прием_лекарств"
"Я принимал выпил кальций д3";"прием_лекарств"
"Можно ли, если я съел пирожок?";"нарушение_диеты"
"Доктор, я принимал кардиомагнил, это не повлияет?";"прием_лекарств"
"Я выпил кофе перед сдачей крови утром";"нарушение_диеты"
"Принимаю принимал антибиотики вчера постоянно";"прием_лекарств"
"Выпил энтеросгель вчера вечером";"прием_лекарств"
"Случайно пил матча латте";"нарушение_диеты"
"Я пил американо";"нарушение_диеты"
"Принимал пикамилон перед анализом";"прием_лекарств"
"Я принимал принимал фенибут";"прием_лекарств"
"Извините, я принимал фенибут";"прием_лекарств"
"Можно ли, если я съел бургер?";"нарушение_диеты"
"Съел блин со сгущёнкой";"нарушение_диеты"
"Принимал верошпирон перед анализом";"прием_лекарств"
"Принимаю принимал обезболивающее на ночь постоянно";"прием_лекарств"
"Съел блин со сгущёнкой (я пациент)";"нарушение_диеты"
"Выпил супрастин перед анализом";"прием_лекарств"
"Пил ягодный смузи натощак";"нарушение_диеты"
"Пью лекарства для щитовидной железы накануне";"прием_лекарств"
"Принимал бифидобактерии перед анализом";"прием_лекарств"
"Ел жареную картошку (я пациент)";"нарушение_диеты"
"Доктор, я принимал диклофенак для суставов, это не повлияет?";"прием_лекарств"
"Случайно выпил принимал омепразол утром";"прием_лекарств"
"Выпил жаропонижающее утром перед анализом";"прием_лекарств"
"Можно ли, если я пью клоназепам?";"прием_лекарств"
"Извините, я принимаю бады с железом";"прием_лекарств"
"Ел драники утром";"нарушение_диеты"
"Пью антиретровирусные вчера вечером";"прием_лекарств"
"Выпил тоник утром";"нарушение_диеты"
"Пью антиретровирусные накануне";"прием_лекарств"
"Ел суп-пюре за час до сдачи";"нарушение_диеты"
"Выпил тоник (я пациент)";"нарушение_диеты"
"Доктор, я принимал антибиотики вчера, это не повлияет?";"прием_лекарств"
"Выпил феназепам перед анализом";"прием_лекарств"
"Случайно выпил принимал колдрекс";"прием_лекарств"
"Ел суп-пюре натощак";"нарушение_диеты"
"Принимал магний B6 вчера вечером";"прием_лекарств"
"Выпил тоник утром";"нарушение_диеты"
"Ел творожную запеканку, это нормально?";"нарушение_диеты"
"Выпил сокосодержащий напиток за час до сдачи";"нарушение_диеты"
"Принимал антикоагулянты накануне";"прием_лекарств"
"Случайно выпил гранатовый сок";"нарушение_диеты"
"Пью антиаритмические накануне";"прием_лекарств"
"Я нарушил диету: пил зелёный чай с сахаром";"нарушение_диеты"
"Принимал нейролептики перед анализом";"прием_лекарств"
"Пью гормональные таблетки перед анализом";"прием_лекарств"
"Ел жареную картошку (я пациент)";"нарушение_диеты"
"Извините, я пил чай с сахаром утром";"нарушение_диеты"
"Ел пасту на ужин";"нарушение_диеты"
"Выпил латте, это нормально?";"нарушение_диеты"
"Случайно выпил выпил жаропонижающее утром";"прием_лекарств"
"Пью гипотензивные, это нормально?";"прием_лекарств"
"Я принимал выпил лоперамид";"прием_лекарств"
"Можно ли, если я пил зелёный чай с сахаром?";"нарушение_диеты"
"Извините, я съел суши";"нарушение_диеты"
"Извините, я принимал бифидобактерии";"прием_лекарств"
"Извините, я съел сырник";"нарушение_диеты"
"Можно ли, если я выпил жаропонижающее утром?";"прием_лекарств"
"Можно ли, если я позавтракал перед походом в лабораторию?";"нарушение_диеты"
"Принимаю выпил цинк постоянно";"прием_лекарств"
"Извините, я пью гипотензивные";"прием_лекарств"
"Принимал преднизолон";"прием_лекарств"
"Доктор, я выпил каптоприл, это не повлияет?";"прием_лекарств"
"Извините, я съел сырник";"нарушение_диеты"
"Извините, я выпил сокосодержащий напиток";"нарушение_диеты"
"Пил лимонад";"нарушение_диеты"
"Выпил колу";"нарушение_диеты"
"Ел творожную запеканку за час до сдачи";"нарушение_диеты"
"Извините, я пил бабл чай";"нарушение_диеты"
"Я нарушил диету: пил чай с молоком и сахаром";"нарушение_диеты"
"Выпил гранатовый сок за час до сдачи";"нарушение_диеты"
"Извините, я принимал верошпирон";"прием_лекарств"
"Случайно выпил пью антидепрессант сертралин";"прием_лекарств"
"Случайно выпил пью антикоагулянт варфарин";"прием_лекарств"
"Выпил какао с зефиром утром";"нарушение_диеты"
"Ел манную кашу перед анализом";"нарушение_диеты"
"Принимал глюкозамин перед анализом";"прием_лекарств"
"Принимаю принимал альмагель вчера постоянно";"прием_лекарств"
"Пил зелёный чай с сахаром перед анализом";"нарушение_диеты"
"Выпил супрадин";"прием_лекарств"
"Случайно выпил пил антацид от изжоги";"прием_лекарств"
"Пью противоэпилептические вчера вечером";"прием_лекарств"
"Принимаю БАДы с железом, это нормально?";"прием_лекарств"
"Можно ли, если я пью контрацептивы?";"прием_лекарств"
"Извините, я принимал диклофенак для суставов";"прием_лекарств"
"Пил зелёный чай с сахаром, это нормально?";"нарушение_диеты"
"Можно ли, если я принимал уролесан?";"прием_лекарств"
"Я нарушил диету: позавтракал кашей";"нарушение_диеты"
"Доктор, я принимал антибиотики вчера, это не повлияет?";"прием_лекарств"
"Пью препараты железа";"прием_лекарств"
"Случайно выпил газировку с красителями";"нарушение_диеты"
"Можно ли, если я пью антибиотик ципрофлоксацин?";"прием_лекарств"
"Доктор, я выпил лоратадин, это не повлияет?";"прием_лекарств"
"Пил латте с сиропом натощак";"нарушение_диеты"
"Пью спирулину утром";"прием_лекарств"
"Принимал преднизолон, это нормально?";"прием_лекарств"
"Съел суши";"нарушение_диеты"
"Я выпил кофе перед сдачей крови натощак";"нарушение_диеты"
"Ел чипсы перед анализом";"нарушение_диеты"
"Доктор, я пью клоназепам, это не повлияет?";"прием_лекарств"
"Я л кофе без сахара, но всё равно";"нарушение_диеты"
"Случайно выпил выпил лекарство от кашля";"прием_лекарств"
"Выпил айран за час до сдачи";"нарушение_диеты"
"Извините, я выпил но-шпу";"прием_лекарств"
"Ел рис с рыбой натощак";"нарушение_диеты"
"Съел сэндвич";"нарушение_диеты"
"Пью антибиотик ципрофлоксацин утром";"прием_лекарств"
"Выпил анальгин перед анализом";"прием_лекарств"
"Я принимал выпил мексидол";"прием_лекарств"
"Извините, я выпил спазмоветрин";"прием_лекарств"
"Пил тёплое молоко за час до сдачи";"нарушение_диеты"
"Доктор, я принимал кеторол, это не повлияет?";"прием_лекарств"
"Ой, я выпил колу, это плохо?";"нарушение_диеты"
"Съел пирожок утром";"нарушение_диеты"
"Пил чай с сахаром утром (я пациент)";"нарушение_диеты"
"Случайно выпил принимал сорбенты перед анализом";"прием_лекарств"
"Принимал антигистаминные вчера вчера вечером";"прием_лекарств"
"Съел сушку с маком натощак";"нарушение_диеты"
"Пил ягодный смузи за час до сдачи";"нарушение_диеты"
"Ел шоколадку натощак (я пациент)";"нарушение_диеты"
"Ел жареную картошку (я пациент)";"нарушение_диеты"
"Пью препараты от эпилепсии утром";"прием_лекарств"
"Извините, я выпил цинк";"прием_лекарств"
"Принимал кеторол накануне";"прием_лекарств"
"Случайно выпил принимал альмагель вчера";"прием_лекарств"
"Я завтракал перед походом в лабораторию";"нарушение_диеты"
"Извините, я выпил смузи";"нарушение_диеты"
"Случайно выпил выпил таблетку от мигрени";"прием_лекарств"
"Извините, я пью антиаритмические";"прием_лекарств"
"Пью тироксин, это нормально?";"прием_лекарств"
"Позавтракал кашей, это нормально?";"нарушение_диеты"
"Я нарушил диету: употребил алкоголь накануне";"нарушение_диеты"
"Пью витамин D ежедневно утром";"прием_лекарств"
"Выпил капучино перед анализом";"нарушение_диеты"
"Доктор, я пью омега-3, это не повлияет?";"прием_лекарств"
"Выпил кальций Д3 вчера вечером";"прием_лекарств"
"Доктор, я пил парацетамол от температуры, это не повлияет?";"прием_лекарств"
"Случайно съел блин со сгущёнкой";"нарушение_диеты"
"Я принимал принимал антикоагулянты";"прием_лекарств"
"Случайно пил чай с сахаром утром";"нарушение_диеты"
"Выпил успокоительное на ночь утром";"прием_лекарств"
"Можно ли, если я принимал обезболивающее на ночь?";"прием_лекарств"
"Пью гормональные таблетки, это нормально?";"прием_лекарств"
"Съел йогурт натощак";"нарушение_диеты"
"Съел орешки за час до сдачи";"нарушение_диеты"
"Съел йогурт";"нарушение_диеты"
"Ой, я пил травяной чай с мёдом, это плохо?";"нарушение_диеты"
"Выпил аспирин накануне, это нормально?";"прием_лекарств"
"Пил сок прямого отжима утром";"нарушение_диеты"
"Принимал антикоагулянты, это нормально?";"прием_лекарств"
"Ел мюсли с молоком перед анализом";"нарушение_диеты"
"Принимаю пью противовоспалительное постоянно";"прием_лекарств"
"Я нарушил диету: ел гречку с маслом";"нарушение_диеты"
"Ел гречку с маслом перед анализом";"нарушение_диеты"
"Ел рис с рыбой";"нарушение_диеты"
"Извините, я принимал бифидобактерии";"прием_лекарств"
"Выпил энергетик без сахара";"нарушение_диеты"
"Пью тироксин, это нормально?";"прием_лекарств"
"Пил сок прямого отжима (я пациент)";"нарушение_диеты"
"Ел пиццу накануне (я пациент)";"нарушение_диеты"
"Можно ли, если я пью противовоспалительное?";"прием_лекарств"
"Выпил супрастин";"прием_лекарств"
"Пью противодиабетические средства перед анализом";"прием_лекарств"
"Ел суп на завтрак утром";"нарушение_диеты"
"Я ел кекс";"нарушение_диеты"
"Выпил сок из пакета перед анализом";"нарушение_диеты"
"Я принимал пью антикоагулянт варфарин";"прием_лекарств"
"Ел фрукты, думая что можно перед анализом";"нарушение_диеты"
"Я нарушил диету: съел банан";"нарушение_диеты"
"Извините, я принимал миорелаксант";"прием_лекарств"
"Случайно пил имбирный чай с сахаром";"нарушение_диеты"
"Выпил таблетку от давления утром вчера вечером";"прием_лекарств"
"Выпил но-шпу";"прием_лекарств"
"Выпил таблетку от аллергии, это нормально?";"прием_лекарств"
"Пил горячий шоколад (я пациент)";"нарушение_диеты"
"Принимал антибиотики вчера, это нормально?";"прием_лекарств"
"Случайно выпил пью противоэпилептические";"прием_лекарств"
"Выпил мексидол накануне";"прием_лекарств"
"Извините, я принимал антикоагулянты";"прием_лекарств"
"Выпил айран";"нарушение_диеты"
"Доктор, я принимал уролесан, это не повлияет?";"прием_лекарств"
"Можно ли, если я выпил таблетку от давления утром?";"прием_лекарств"
"Пил матча латте";"нарушение_диеты"
"Извините, я пил чай с сахаром утром";"нарушение_диеты"
"Я нарушил диету: пил чай с молоком и сахаром";"нарушение_диеты"
"Принимал антигистаминные вчера накануне";"прием_лекарств"
"Пил парацетамол от температуры перед анализом";"прием_лекарств"
"Выпил какао с зефиром утром";"нарушение_диеты"
"Случайно выпил пью антиаритмические";"прием_лекарств"
"Извините, я пью препараты от эпилепсии";"прием_лекарств"
"Выпил смузи перед анализом";"нарушение_диеты"
"Извините, я пил молочный коктейль с печеньем";"нарушение_диеты"
"Плотно поужинал поздно ночью (я пациент)";"нарушение_диеты"
"Съел бутерброд с колбасой за час до сдачи";"нарушение_диеты"
"Пью антидепрессант сертралин, это нормально?";"прием_лекарств"
"Выпил мексидол перед анализом";"прием_лекарств"
"Выпил смузи, это нормально?";"нарушение_диеты"
"Извините, я ел творожную запеканку";"нарушение_диеты"
"Пил латте с сиропом, это нормально?";"нарушение_диеты"
"Извините, я выпил сок из пакета";"нарушение_диеты"
"Ел хлопья с молоком утром";"нарушение_диеты"
"Выпил дротаверин, это нормально?";"прием_лекарств"
"Пил молоко перед анализом, это нормально?";"нарушение_диеты"
"Выпил какао с зефиром за час до сдачи";"нарушение_диеты"
"Позавтракал перед походом в лабораторию, это нормально?";"нарушение_диеты"
"Пью контрацептивы накануне";"прием_лекарств"
"Пью антидепрессанты ежедневно накануне";"прием_лекарств"
"Пил газировку (я пациент)";"нарушение_диеты"
"Извините, я ел рис с рыбой";"нарушение_диеты"
"Съел хлеб с маслом и сыром утром";"нарушение_диеты"
"Можно ли, если я пью гормональные таблетки?";"прием_лекарств"
"Можно ли, если я пью таблетки от простатита?";"прием_лекарств"
"Случайно выпил выпил жаропонижающее утром";"прием_лекарств"
"Извините, я ел салат оливье на ночь";"нарушение_диеты"
"Выпил энтеросгель вчера вечером";"прием_лекарств"
"Доктор, я выпил таблетку от мигрени, это не повлияет?";"прием_лекарств"
"Извините, я пил морс";"нарушение_диеты"
"Я завтракал перед походом в лабораторию";"нарушение_диеты"
"Ой, я пил газировку, это плохо?";"нарушение_диеты"
"Принимал бифидобактерии перед анализом";"прием_лекарств"
"Принимаю выпил кальций д3 постоянно";"прием_лекарств"
"Пью тетрациклиновую мазь перед анализом";"прием_лекарств"
"Пил имбирный чай с сахаром (я пациент)";"нарушение_диеты"
"Я л сок прямого отжима";"нарушение_диеты"
"Можно ли, если я съел бургер?";"нарушение_диеты"
"Случайно выпил пью антидепрессант сертралин";"прием_лекарств"
"Случайно выпил принимал бифидобактерии";"прием_лекарств"
"Съел йогурт";"нарушение_диеты"
"Принимаю выпил дротаверин постоянно";"прием_лекарств"
"Выпил супрастин накануне";"прием_лекарств"
"Случайно выпил выпил но-шпу";"прием_лекарств"
"Извините, я ел фрукты, думая что можно";"нарушение_диеты"
"Можно ли, если я пью иммуномодуляторы?";"прием_лекарств"
"Случайно выпил пил парацетамол от температуры";"прием_лекарств"
"Пил морс (я пациент)";"нарушение_диеты"
"Выпил американо";"нарушение_диеты"
"Доктор, я пью витамин d ежедневно, это не повлияет?";"прием_лекарств"
"Пил морс (я пациент)";"нарушение_диеты"
"Пил травяной чай с мёдом за час до сдачи";"нарушение_диеты"
"Извините, я принимал нейролептики";"прием_лекарств"
"Ел пасту на ужин (я пациент)";"нарушение_диеты"
"Я принимал выпил лоперамид";"прием_лекарств"
"Можно ли, если я принимал бифидобактерии?";"прием_лекарств"
"Пью сердечный препарат перед анализом";"прием_лекарств"
"Можно ли, если я пью противовоспалительное?";"прием_лекарств"
"Ел пасту на ужин (я пациент)";"нарушение_диеты"
"Ел кускус за час до сдачи";"нарушение_диеты"
"Пил ягодный смузи";"нарушение_диеты"
"Пил чай с сахаром утром перед анализом";"нарушение_диеты"
"Я л травяной чай с мёдом";"нарушение_диеты"
"Я принимал принимал глюкозамин";"прием_лекарств"
"Доктор, я принимал нейролептики, это не повлияет?";"прием_лекарств"
"Съел булочку";"нарушение_диеты"
"Случайно выпил выпил таблетку от давления утром";"прием_лекарств"
"Извините, я пил антацид от изжоги";"прием_лекарств"
"Съел печенье (я пациент)";"нарушение_диеты"
"Принимал сорбенты перед анализом";"прием_лекарств"
"Принимаю БАДы с железом накануне";"прием_лекарств"
"Случайно съел коржик";"нарушение_диеты"
"Я выпил кофе перед сдачей крови, это нормально?";"нарушение_диеты"
"Случайно пил матча латте";"нарушение_диеты"
"Ой, я позавтракал кашей, это плохо?";"нарушение_диеты"
"Случайно выпил принимал антигистаминные вчера";"прием_лекарств"
"Съел бутерброд с колбасой, это нормально?";"нарушение_диеты"
"Можно ли, если я пил матча латте?";"нарушение_диеты"
"Я принимал выпил тантум верде";"прием_лекарств"
"Случайно выпил выпил жаропонижающее утром";"прием_лекарств"
"Случайно выпил принимал магний b6";"прием_лекарств"
"Извините, я ел овсяную кашу с сахаром";"нарушение_диеты"
"Можно ли, если я пью сердечный препарат?";"прием_лекарств"
"Я нарушил диету: выпил энергетик";"нарушение_диеты"
"Можно ли, если я принимаю бады с железом?";"прием_лекарств"
"Случайно выпил выпил лекарство от кашля";"прием_лекарств"
"Пил травяной чай с мёдом, это нормально?";"нарушение_диеты"
"Пил компот из вишни, это нормально?";"нарушение_диеты"
"Извините, я выпил спазмоветрин";"прием_лекарств"
"Пил газировку утром";"нарушение_диеты"
"Я принимал пил антацид от изжоги";"прием_лекарств"
"Извините, я пью спирулину";"прием_лекарств"
"Ел омлет, это нормально?";"нарушение_диеты"
"Я л томатный сок";"нарушение_диеты"
"Можно ли, если я выпил таблетку от тошноты?";"прием_лекарств"
"Пью антидепрессанты ежедневно, это нормально?";"прием_лекарств"
"Случайно ел рис с рыбой";"нарушение_диеты"
"Принимал нурофен накануне";"прием_лекарств"
"Можно ли, если я выпил мочегонное средство?";"прием_лекарств"
"Выпил феназепам";"прием_лекарств"
"Ел хлопья с молоком натощак";"нарушение_диеты"
"Пил лимонад, это нормально?";"нарушение_диеты"
"Ел салат из свеклы утром";"нарушение_диеты"
"Можно ли, если я пью антибиотик ципрофлоксацин?";"прием_лекарств"
"Принимаю принимал магний b6 постоянно";"прием_лекарств"
"Выпил спазмалгон накануне";"прием_лекарств"
"Пью карнитин";"прием_лекарств"
"Принимаю пью иммуномодуляторы постоянно";"прием_лекарств"
"Принимала витамины с железом вчера вечером";"прием_лекарств"
"Извините, я пил молочный коктейль";"нарушение_диеты"
"Пил молочный коктейль утром";"нарушение_диеты"
"Принимаю выпил анальгин постоянно";"прием_лекарств"
"Съел печенье (я пациент)";"нарушение_диеты"
"Выпил американо утром";"нарушение_диеты"
"Извините, я съел творог";"нарушение_диеты"
"Извините, я принимала витамины с железом";"прием_лекарств"
"Съел йогурт, это нормально?";"нарушение_диеты"
"Ел творожную запеканку утром";"нарушение_диеты"
"Принимал фенибут";"прием_лекарств"
"Ел блинчики с мясом";"нарушение_диеты"
"Можно ли, если я выпил коэнзим q10?";"прием_лекарств"
"Принимал верошпирон перед анализом";"прием_лекарств"
"Я нарушил диету: съел мороженое";"нарушение_диеты"
"Съел плюшку";"нарушение_диеты"
"Я принимал принимал кеторол";"прием_лекарств"
"Пил зелёный чай с сахаром";"нарушение_диеты"
"Можно ли, если я принимал антибиотики вчера?";"прием_лекарств"
"Ой, я съел коржик, это плохо?";"нарушение_диеты"
"Принимал преднизолон";"прием_лекарств"
"Выпил тархун";"нарушение_диеты"
"Случайно пил томатный сок";"нарушение_диеты"
"Выпил свечи с папаверином, это нормально?";"прием_лекарств"
"Ой, я ел фрукты, думая что можно, это плохо?";"нарушение_диеты"
"Принимаю принимал нейролептики постоянно";"прием_лекарств"
"Извините, я съел панкейк с мёдом";"нарушение_диеты"
"Перекусил печеньем за час до сдачи";"нарушение_диеты"
"Извините, я съел бургер";"нарушение_диеты"
"Случайно пил зелёный чай с сахаром";"нарушение_диеты"
"Пью гипотензивные утром";"прием_лекарств"
"Доктор, я принимал обезболивающее на ночь, это не повлияет?";"прием_лекарств"
"Можно ли, если я принимал седативные?";"прием_лекарств"
"Я принимал пью витамин d ежедневно";"прием_лекарств"
"Принимаю пью витамин d ежедневно постоянно";"прием_лекарств"
"Я нарушил диету: ел гречку с маслом";"нарушение_диеты"
"Выпил какао (я пациент)";"нарушение_диеты"
"Пью мильгамму утром";"прием_лекарств"
"Можно ли, если я принимал верошпирон?";"прием_лекарств"
"Ой, я пил латте с сиропом, это плохо?";"нарушение_диеты"
"Извините, я выпил цинк";"прием_лекарств"
"Пил имбирный чай с сахаром";"нарушение_диеты"
"Я принимал пью витамин d ежедневно";"прием_лекарств"
"Извините, я съел мороженое";"нарушение_диеты"
"Ел кускус перед анализом";"нарушение_диеты"
"Съел коржик за час до сдачи";"нарушение_диеты"
"Ел пиццу накануне";"нарушение_диеты"
"Ел блинчики с мясом утром";"нарушение_диеты"
"Выпил экстракт валерианы перед анализом";"прием_лекарств"
"Пью противоэпилептические, это нормально?";"прием_лекарств"
"Ел пиццу накануне (я пациент)";"нарушение_диеты"
"Ой, я выпил сок из пакета, это плохо?";"нарушение_диеты"
"Принимаю пью иммуномодуляторы постоянно";"прием_лекарств"
"Принимал циклоферон вчера вечером";"прием_лекарств"
"Пил компот из вишни натощак";"нарушение_диеты"
"Я принимал пью мильгамму";"прием_лекарств"
"Пью омега-3 вчера вечером";"прием_лекарств"
"Выпил айран натощак";"нарушение_диеты"
"Можно ли, если я принимал диклофенак для суставов?";"прием_лекарств"
"Принимаю выпил но-шпу постоянно";"прием_лекарств"
"Случайно выпил какао";"нарушение_диеты"
"Я нарушил диету: выпил какао";"нарушение_диеты"
"Принимаю выпил супрастин постоянно";"прием_лекарств"
"Выпил спазмоветрин";"прием_лекарств"
"Съел хлеб с маслом и сыром утром";"нарушение_диеты"
"Я ел коржик";"нарушение_диеты"
"Пью статины постоянно накануне";"прием_лекарств"
"Выпил каптоприл, это нормально?";"прием_лекарств"
"Я нарушил диету: съел кекс";"нарушение_диеты"
"Я принимал пью оральные контрацептивы";"прием_лекарств"
"Я нарушил диету: ел хлопья с молоком";"нарушение_диеты"
"Принимаю пью канефрон постоянно";"прием_лекарств"
"Ой, я выпил сок из пакета, это плохо?";"нарушение_диеты"
"Выпил лекарство от кашля утром";"прием_лекарств"
"Случайно выпил пью гормональные таблетки";"прием_лекарств"
"Выпил анальгин утром";"прием_лекарств"
"Пью антидепрессанты ежедневно перед анализом";"прием_лекарств"
"Пью спирулину утром";"прием_лекарств"
"Случайно выпил кефир";"нарушение_диеты"
"Принимал аспирин кардио вчера вечером";"прием_лекарств"
"Пью статины постоянно накануне";"прием_лекарств"
"Съел чизкейк за час до сдачи";"нарушение_диеты"
"Доктор, я принимал пикамилон, это не повлияет?";"прием_лекарств"
"Выпил спрайт перед анализом";"нарушение_диеты"
"Принимал кардиомагнил вчера вечером";"прием_лекарств"
"Принимаю принимал кеторол постоянно";"прием_лекарств"
"Выпил супрадин";"прием_лекарств"
"Случайно пил латте с сиропом";"нарушение_диеты"
"Принимал антибиотик амоксициллин перед анализом";"прием_лекарств"
"Извините, я принимал седативные";"прием_лекарств"
"Я принимал выпил жаропонижающее утром";"прием_лекарств"
"Извините, я съел яблоко за час до анализа";"нарушение_диеты"
"Пью адаптол вчера вечером";"прием_лекарств"
"Можно ли, если я ел драники?";"нарушение_диеты"
"Пью оральные контрацептивы вчера вечером";"прием_лекарств"
"Пил молочный коктейль утром";"нарушение_диеты"
"Случайно выпил фрэш";"нарушение_диеты"
"Случайно выпил выпил свечи с папаверином";"прием_лекарств"
"Случайно выпил пью витамин d ежедневно";"прием_лекарств"
"Выпил таблетку от мигрени утром";"прием_лекарств"
"Я пил фрэш";"нарушение_диеты"
"Ел омлет утром";"нарушение_диеты"
"Я нарушил диету: съел банан";"нарушение_диеты"
"Выпил дротаверин";"прием_лекарств"
"Доктор, я принимал фуросемид, это не повлияет?";"прием_лекарств"
"Пью сердечный препарат";"прием_лекарств"
"Доктор, я принимал альмагель вчера, это не повлияет?";"прием_лекарств"
"Я принимал пью мильгамму";"прием_лекарств"
"Ой, я ел кабачковую икру, это плохо?";"нарушение_диеты"
"Выпил капучино перед анализом";"нарушение_диеты"
"Доктор, я выпил таблетку от бессонницы, это не повлияет?";"прием_лекарств"
"Принимаю выпил таблетку от бессонницы постоянно";"прием_лекарств"
"Я нарушил диету: пил компот из вишни";"нарушение_диеты"
"Выпил супрадин перед анализом";"прием_лекарств"
"Выпил тархун перед анализом";"нарушение_диеты"
"Пью оральные контрацептивы вчера вечером";"прием_лекарств"
"Случайно выпил гранатовый сок";"нарушение_диеты"
"Пил горячий шоколад (я пациент)";"нарушение_диеты"
"Случайно выпил принимал элевит";"прием_лекарств"
"Случайно пил молочный коктейль с печеньем";"нарушение_диеты"
"Выпил какао перед анализом";"нарушение_диеты"
"Принимаю пью препараты железа постоянно";"прием_лекарств"
"Принимаю принимал миорелаксант постоянно";"прием_лекарств"
"Можно ли, если я пил антацид от изжоги?";"прием_лекарств"
"Ел шоколадку натощак за час до сдачи";"нарушение_диеты"
"Принимал обезболивающее на ночь, это нормально?";"прием_лекарств"
"Съел творог";"нарушение_диеты"
"Извините, я принимал омез";"прием_лекарств"
"Ой, я ел овсяную кашу с сахаром, это плохо?";"нарушение_диеты"
"Съел бутерброд (я пациент)";"нарушение_диеты"
"Пью омега-3 накануне";"прием_лекарств"
"Я принимал пью противодиабетические средства";"прием_лекарств"
"Случайно выпил принимал альмагель вчера";"прием_лекарств"
"Выпил энтеросгель вчера вечером";"прием_лекарств"
"Извините, я пью противовоспалительное";"прием_лекарств"
"Можно ли, если я пил бабл чай?";"нарушение_диеты"
"Я нарушил диету: съел бургер";"нарушение_диеты"
"Ел пасту на ужин за час до сдачи";"нарушение_диеты"
"Извините, я ел салат из свеклы";"нарушение_диеты"
"Принимаю пью антидепрессанты ежедневно постоянно";"прием_лекарств"
"Ой, я пил латте с сиропом, это плохо?";"нарушение_диеты"
"Принимал фуросемид";"прием_лекарств"
"Доктор, я пью мильгамму, это не повлияет?";"прием_лекарств"
"Можно ли, если я пил горячий шоколад?";"нарушение_диеты"
"Я нарушил диету: пил компот";"нарушение_диеты"
"Я нарушил диету: съел вафлю с шоколадом";"нарушение_диеты"
"Я нарушил диету: пил лимонад";"нарушение_диеты"
"Доктор, я пью сердечный препарат, это не повлияет?";"прием_лекарств"
"Пью спирулину перед анализом";"прием_лекарств"
